Xiaoyi Qin,Danwei Cai
Xiaoyi Qin,Hui Bu,Shrikanth S. Narayanan,Haizhou Li
Xiaoyi Qin,N. Li,Chao Weng,Dan Su
Weiqing Wang,Xiaoyi Qin
Xiaoyi Qin,N. Li,Yuke Lin,Yiwei Ding,Chao Weng,Dan Su
Yuxiang Zhang,Jingze Lu,Xingming Wang,Zhuo Li,Runqiu Xiao,Wenchao Wang,Pengyuan Zhang
Yuke Lin,Xiaoyi Qin,Huahua Cui,Zhenyi Zhu
Tinglong Zhu,Xingming Wang,Xiaoyi Qin
Xiaoyi Qin,N. Li,Chao Weng,Dan Su
Haoxu Wang,Yan Jia,Zeqing Zhao,Xuyang Wang,Junjie Wang
Xingming Wang,Xiaoyi Qin,Yikang Wang,Yunfei Xu
Yuke Lin,Xiaoyi Qin
Tinglong Zhu,Xiaoyi Qin
Yechen Wang,Yan Jia,Murong Ma,Zexin Cai
Danwei Cai
Weiqing Wang,Qingjian Lin,Danwei Cai,Lin Yang
Qingjian Lin,Lin Yang,Xuyang Wang,Xiaoyi Qin,Junjie Wang
Weiqing Wang,Danwei Cai,Jin Wang,Qingjian Lin,Xuyang Wang,Mihee Hong
Jiyang Tang
Yan Jia,Xingming Wang,Xiaoyi Qin,Yinping Zhang,Xuyang Wang,Junjie Wang,Dong Zhang
Murong Ma,Haiwei Wu,Xuyang Wang,Lin Yang,Junjie Wang
Danwei Cai
Xingming Wang,Xiaoyi Qin,Tinglong Zhu,Chao Wang,Shilei Zhang
Yucong Zhang,Qinjian Lin,Weiqing Wang,Lin Yang,Xuyang Wang,Junjie Wang
Yaogen Yang,Haozhe Zhang,Xiaoyi Qin,Shanshan Liang,Huahua Cui,Mingyang Xu
Yuanyuan Bao,Yanze Xu,Na Xu,Wenjing Yang,Hongfeng Li,Shicong Li,Y. Jia,Fei Xiang,Jincheng He
Weiqing Wang,Jin-shan Pan,Hua Yi,Zhanmei Song
Weiqing Wang,Danwei Cai,Qingjian Lin,Lin Yang,Junjie Wang,Jin Wang
Ziang Zhou,Yanze Xu,Shilei Zhang
Xiaoyi Qin,Chao Wang,Yong Ma,Min Liu,Shilei Zhang
Yan Jia,Xingming Wang,Xiaoyi Qin,Yinping Zhang,Xuyang Wang,Junjie Wang
Haiwei Wu,Yan Jia,Yuan-Ping Nie
Qingjian Lin,Weicheng Cai,Lin Yang,Junjie Wang,J. Zhang
Qingjian Lin,Tingle Li,Lin Yang,Junjie Wang
Yao Shi,Hui Bu,Xin Xu,Shaojing Zhang
Zexin Cai,Chuxiong Zhang
Haiwei Wu,Lin Zhang,Lin Yang,Xuyang Wang,Junjie Wang,Dong Zhang
Qingjian Lin,Yuanbo Hou
Xiaoyi Qin,Hui Bu,Wei Rao,Rohan Kumar Das,Shrikanth S. Narayanan,Haizhou Li
Yan Jia,Zexin Cai,Murong Ma,Zeqing Zhao,Xuyang Wang,Junjie Wang
Zexin Cai
Tingle Li,Qingjian Lin,Yuanyuan Bao
Weicheng Cai
Xiaoyi Qin,Yaogen Yang,Lin Yang,Xuyang Wang,Junjie Wang
Weicheng Cai,Jinkun Chen,J. Zhang
Haiwei Wu,Yan Jia,Yuan-Ping Nie
Weiqing Wang,Danwei Cai,Xiaoyi Qin
Qingjian Lin,Tingle Li
Xiaoyi Qin,Hui Bu,Rohan Kumar Das,Wei Rao,Shrikanth S. Narayanan,Haizhou Li
Danwei Cai,Weicheng Cai
Danwei Cai,Weiqing Wang
Zexin Cai,Zhicheng Xu
Zexin Cai,Chuxiong Zhang,Yaogen Yang
Tingle Li,Jiawei Chen,Haowen Hou
Danwei Cai,Weicheng Cai
Weiqing Wang,Haiwei Wu
Weicheng Cai,Danwei Cai
Weicheng Cai,Haiwei Wu,Danwei Cai
Haiwei Wu,Weicheng Cai,Ji Gao,Shanshan Zhang,Zhiqiang Lyu,Shen Huang
Xiaoyi Qin,Danwei Cai
Tingle Li,Jiawei Chen,Haowen Hou
Danwei Cai,Xiaoyi Qin,Weicheng Cai
Zexin Cai,Yaogen Yang,Chuxiong Zhang,Xiaoyi Qin
Danwei Cai,Xiaoyi Qin
Haiwei Wu,Weiqing Wang
Qingjian Lin,Ruiqing Yin,H. Bredin,C. Barras
Xiaoyi Qin,Hui Bu
Weicheng Cai,Zexin Cai,Wenbo Liu,Xiaoqi Wang
Lin-Shan Lee,Shun-Chuan Chen,Yuan Ho,Jia-fu Chen,T. Li
