Yong-lu Tang,Chao-su Li,Xiao-li Wu,Xiong Tao,Miao Liu
Dongyang Guo,Chuan-yong Chen,Xiangling Li,Rui Wang,Z. Ding,Wei Ma,Xinbing Wang,Cong-feng Li,Ming Zhao,Baoyuan Zhou
Xiao-li Wu,Miao Liu,Chao-su Li,A. McHugh,Tao Xiong,Yubin Liu,Yong-lu Tang
L. Piao,Shiyu Zhang,Junyao Yan,Tianxu Xiang,Yang Chen,W. Gu
Miao Liu,Hanwen Tong,Yubing Liu,Chao-su Li,Xiao-li Wu,Xuyi Li,Yong-lu Tang
Zizhu Jiang,L. Piao,Dongliang Guo,Hengguang Zhu,Shuai Wang,Hanyu Zhu,Zhanhui Yang,Yuzhao Tao,C. Liu
Zhi Zhang,Bi-li Cao,Zijing Chen,Kun Xu
Wu Xiaoli,Chao-su Li,Miao Liu,Yong-lu Tang
Chao-su Li,Xiao-li Wu,Hui-ting Wei,Miao Liu,Yong-lu Tang,Tao Xiong
Miao Liu,W. Xiaoli,Chao-su Li,Tao Xiong,Yong-lu Tang
Chao-su Li,Miao Liu,Xiao-li Wu,Hui-ting Wei,Yong-lu Tang,Tao Xiong
L. Piao,Jia-lei Xiao,W. Gu,M. Zhan,C. Cao,Ming Zhao,Cong-feng Li
W. Xiaoli,Yong-lu Tang,Chao-su Li,A. McHugh,Miao Liu,Tao Xiong
Chao-su Li,Xiao-li Wu,Miao Liu,Tao Xiong,Yong-lu Tang
