Yifan Peng,Kwangyoun Kim,Felix Wu,Prashant Sridhar
Massa Baali,Tomoki Hayashi,Hamdy Mubarak,Soumi Maiti,W. El-Hajj,Ahmed Ali
Li-Wei Chen,Alexander I. Rudnicky
Peter Wu,Li-Wei Chen,Cheol Jun Cho,L. Goldstein,A. Black,G. Anumanchipalli
E. Takashita,S. Murakami,Y. Matsuzaki,S. Fujisaki,H. Morita,Shiho Nagata,Misa Katayama,K. Mizuta,H. Nishimura,T. Horimoto,H. Hasegawa
Muqiao Yang,Joseph Konan,David Bick,Yunyang Zeng,Shuo Han,Anurag Kumar,B. Raj
William Chen,Brian Yan,Jiatong Shi,Yifan Peng,Soumi Maiti
Takaaki Saeki,Soumi Maiti,Xinjian Li,Shinnosuke Takamichi,H. Saruwatari

H. Abe,Y. Yahiro,T. Hasegawa,T. Hirawake,H. Onishi,A. Ooki,T. Takatsu,K. Sasaki,M. Wakita,H. Kaneko,T. Tanaka,T. Okunishi,S. Ohno,S. Hashizume
Samuele Cornell,Zhongqiu Wang,Yoshiki Masuyama,Manuel Pariente,Nobutaka Ono
Yunyang Zeng,Joseph Konan,Shuo Han,David Bick,Muqiao Yang,Anurag Kumar,B. Raj
Yosuke Higuchi,Tetsuji Ogawa,Tetsunori Kobayashi
Yosuke Higuchi,Brian Yan,Siddhant Arora,Tetsuji Ogawa,Tetsunori Kobayashi
Wangyou Zhang,Xuankai Chang,Christoph Boeddeker,T. Nakatani,Y. Qian
Hung-yi Lee,Abdel-rahman Mohamed,Tara N. Sainath,Karen Livescu,Shang-Wen Li,Shu-wen Yang,Katrin Kirchhoff
Yifan Peng,Siddharth Dalmia,I. Lane
Siddhant Arora,Siddharth Dalmia,Brian Yan,Florian Metze,A. Black
Xinjian Li,Florian Metze,David R. Mortensen,A. Black
Jaesong Lee,Lukas Lee
Keqi Deng,Zehui Yang,Yosuke Higuchi,Gaofeng Cheng,Pengyuan Zhang
Nathaniel Robinson,Perez Ogayo,Swetha Gangu,David R. Mortensen
Soumi Maiti,Yifan Peng,Takaaki Saeki
Muqiao Yang,Joseph Konan,David Bick,Anurag Kumar,B. Raj
Abdel-rahman Mohamed,Hung-yi Lee,Lasse Borgholt,Jakob Drachmann Havtorn,Joakim Edin,C. Igel,Katrin Kirchhoff,Shang-Wen Li,Karen Livescu,Lars Maaløe,Tara N. Sainath
Keqi Deng,Jiatong Shi,Siddhant Arora
Hengshun Zhou,Jun Du,Gongzhen Zou,Zhaoxu Nian,Chin-Hui Lee,S. M. Siniscalchi,O. Scharenborg,Jingdong Chen,Shifu Xiong,Jianqing Gao
Yosuke Higuchi,Tetsuji Ogawa,Tetsunori Kobayashi
Masao Someki,Yosuke Higuchi,Tomoki Hayashi
Yifan Peng,Siddhant Arora,Yosuke Higuchi,Yushi Ueda,Sujay S. Kumar,Karthik Ganesan,Siddharth Dalmia,Xuankai Chang
Muqiao Yang,I. Lane
Takatomo Kano,A. Ogawa,Marc Delcroix
Jun Kobayashi,S. Matsuyama,M. Shirakura,Tomoko Arita,Yasushi Suzuki,H. Asanuma,H. Hasegawa,Kazuya Nakamura
Shota Horiguchi,Yuki Takashima,Leibny Paola García-Perera
Siddharth Dalmia,Dmytro Okhonko,M. Lewis,Sergey Edunov,Florian Metze,Luke Zettlemoyer,Abdel-rahman Mohamed
Shukjae Choi,Younglo Lee,Jihwan Park,Hyung Yong Kim,Byeongchang Kim,Zhongqiu Wang
Xinjian Li,Florian Metze,David R. Mortensen,A. Black
Shuai Guo,Jiatong Shi,Tao Qian,Qin Jin
Jiatong Shi,G. Saon,D. Haws,Brian Kingsbury
Yoshiki Masuyama,Xuankai Chang,Samuele Cornell,Nobutaka Ono
Jiatong Shi,Shuai Guo,Tao Qian,Nan Huo,Tomoki Hayashi,Yuning Wu,Frank Xu,Xuankai Chang,Hua-Wei Li,Peter Wu,Qin Jin
Yusuke Shinohara
Xuankai Chang,Takashi Maekaku,Yuya Fujita
Brian Yan,Patrick Fernandes,Siddharth Dalmia,Jiatong Shi,Yifan Peng,Dan Berrebbi,Xinyi Wang,Graham Neubig
E. Tsunoo,Yosuke Kashiwagi,Chaitanya Narisetty
Joseph P. Turian,Jordie Shier,H. Khan,B. Raj,Björn Schuller,C. Steinmetz,C. Malloy,G. Tzanetakis,Gissel Velarde,K. McNally,Max Henry,Nicolas Pinto,Camille Noufi,Christian Clough,Dorien Herremans,Eduardo Fonseca,Jesse Engel,J. Salamon,P. Esling,Pranay Manocha,Zeyu Jin,Yonatan Bisk
Dongji Gao,Jiatong Shi,Shun-Po Chuang,Leibny Paola García-Perera,Hung-yi Lee,S. Khudanpur
K. Nerome,Toshifumi Imagawa,S. Sugita,Youta Arasaki,Ken-ichi Maegawa,K. Kawasaki,Tsuyoshi Tanaka,H. Nishimura,Tetsuro Suzuki,K. Kuroda,I. Kosugi,Z. Kajiura
Joseph P. Turian,Jordie Shier,H. Khan,B. Raj,Björn Schuller,C. Steinmetz,C. Malloy,G. Tzanetakis,Gissel Velarde,K. McNally,Max Henry,Nicolas Pinto,Camille Noufi,Christian Clough,Dorien Herremans,Eduardo Fonseca,Jesse Engel,J. Salamon,P. Esling,Pranay Manocha,Zeyu Jin,Yonatan Bisk
E. Takashita,H. Hasegawa,Y. Kawaoka
Yen-Ju Lu,Zhongqiu Wang,Alexander Richard,Cheng Yu,Yu Tsao
Hang Chen,Hengshun Zhou,Jun Du,Chin-Hui Lee,Jingdong Chen,S. M. Siniscalchi,O. Scharenborg,Diyuan Liu,Bao-Cai Yin,Jia Pan,Jianqing Gao,Cong Liu
Chaitanya Narisetty,E. Tsunoo,Xuankai Chang,Yosuke Kashiwagi,Michael Hentschel
Siddhant Arora,Siddharth Dalmia,Xuankai Chang,Brian Yan,A. Black
Motoi Omachi,Yuya Fujita,Tianzi Wang
Brian Yan,Matthew Wiesner,Ondrej Klejch,P. Jyothi
Zhongqiu Wang,Samuele Cornell,Shukjae Choi,Younglo Lee,Byeonghak Kim
H. Nakamura,H. Muslim,R. Kato,H. Kaneko,H. Imanaga,J. Antona-Makoshi,S. Kitajima,N. Uchida,E. Kitahara,K. Ozawa,S. Taniguchi
Felix Wu,Kwangyoun Kim,Kyu J. Han,Ryan T. McDonald,Kilian Q. Weinberger,Yoav Artzi
Tatsuya Komatsu,Yusuke Fujita,Jaesong Lee,Lukas Lee,Yusuke Kida
Masayuki Hashimoto,N. Nagata,T. Homma,H. Maeda,K. Dohi,Naomi M. Seki,Ken Yoshihara,N. Iwata-Yoshikawa,N. Shiwa-Sudo,Y. Sakai,M. Shirakura,N. Kishida,Tomoko Arita,Yasushi Suzuki,H. Asanuma,T. Sonoyama,Tadaki Suzuki,S. Omoto,H. Hasegawa
E. Tsunoo,Chaitanya Narisetty,Michael Hentschel,Yosuke Kashiwagi
Jing Shi,Xuankai Chang,Bo Xu
N. Shiwa-Sudo,Y. Sakai,N. Iwata-Yoshikawa,Souichi Yamada,Y. Kuroda,Tsukasa Yamamoto,M. Shirakura,S. Fujisaki,K. Miyazaki,H. Miura,Shiho Nagata,S. Fukushi,Ken Maeda,H. Hasegawa,Tadaki Suzuki,N. Nagata
Yuki Takashima,Shota Horiguchi,Paola Garc'ia,Y. Kawaguchi
Zhong-Qiu Wang,G. Wichern,Jonathan Le Roux
Hainan Xu,Fei Jia,Somshubra Majumdar,Boris Ginsburg
Takashi Maekaku,Xuankai Chang,Yuya Fujita
Sho Miyamoto,T. Arashiro,Y. Adachi,S. Moriyama,H. Kinoshita,T. Kanno,Shinji Saito,H. Katano,S. Iida,A. Ainai,R. Kotaki,Souichi Yamada,Y. Kuroda,Tsukasa Yamamoto,Keita Ishijima,Eun-sil Park,Y. Inoue,Y. Kaku,M. Tobiume,N. Iwata-Yoshikawa,N. Shiwa-Sudo,K. Tokunaga,S. Ozono,T. Hemmi,A. Ueno,N. Kishida,K. Nojima,Y. Seki,T. Mizukami,H. Hasegawa,H. Ebihara,Ken Maeda,S. Fukushi,Yoshimasa Takahashi,Tadaki Suzuki
Shota Horiguchi,Leibny Paola García-Perera,Yuki Takashima,Y. Kawaguchi
Yui Sudo,Shakeel Muhammad,K. Nakadai,Jiatong Shi
Hayato Futami,E. Tsunoo,Kentarou Shibata,Yosuke Kashiwagi,Takao Okuda,Siddhant Arora
Hung-yi Lee,Karen Livescu,Abdel-rahman Mohamed,Tara N. Sainath
Jiatong Shi,Chan-Jan Hsu,Ho-Lam Chung,Dongji Gao,Leibny Paola García-Perera,Ann Lee,Hung-yi Lee
Peter Wu,L. Goldstein,A. Black,G. Anumanchipalli
Yen Meng,Hsuan-Jui Chen,Jiatong Shi,Paola García,Hung-yi Lee,Hao Tang
Zhongqiu Wang
Yen-Ju Lu,Samuele Cornell,Xuankai Chang,Wangyou Zhang,Chenda Li,Zhaoheng Ni,Zhong-Qiu Wang
Hsiang-Sheng Tsai,Heng-Jui Chang,Wen-Chin Huang,Zili Huang,Kushal Lakhotia,Shu-wen Yang,Shuyan Dong,Andy T. Liu,Cheng-I Lai,Jiatong Shi,Xuankai Chang,Phil Hall,Hsuan-Jui Chen,Shang-Wen Li,Abdel-rahman Mohamed,Hung-yi Lee
Yooncheol Ju,Ilhwan Kim,Hongsun Yang,Ji-Hoon Kim,Byeongchang Kim,Soumi Maiti
Jee-weon Jung,Hee-Soo Heo,Bong-Jin Lee,Jaesong Lee,Hye-jin Shim,Youngki Kwon,Joon Son Chung
Yui Sudo,M. Shakeel,Brian Yan,Jiatong Shi
Takashi Maekaku,Yuya Fujita,Yifan Peng
Robin Scheibler,Wangyou Zhang,Xuankai Chang,Y. Qian
Dan Berrebbi,Jiatong Shi,Brian Yan,Osbel López-Francisco,Jonathan D. Amith
Tzu-hsun Feng,Annie Dong,Ching-feng Yeh,Shu-wen Yang,Tzu-Quan Lin,Jiatong Shi,Kai-Wei Chang,Zili Huang,Haibin Wu,Xuankai Chang,Abdel-rahman Mohamed,Shang-Wen Li,Hung-yi Lee
Xuankai Chang,Niko Moritz,Takaaki Hori,Jonathan Le Roux
E. Takashita,S. Yamayoshi,P. Halfmann,N. Wilson,Hunter Ries,Alex Richardson,M. Bobholz,W. Vuyk,Robert Maddox,D. Baker,T. Friedrich,D. O’Connor,Ryuta Uraki,Mutsumi Ito,Y. Sakai-Tagawa,E. Adachi,M. Saito,M. Koga,T. Tsutsumi,K. Iwatsuki-Horimoto,M. Kiso,H. Yotsuyanagi,H. Hasegawa,M. Imai,Y. Kawaoka
Jee-weon Jung,Hee-Soo Heo,Bong-Jin Lee,Jaesung Huh,A. Brown,Youngki Kwon,Joon Son Chung
Suwon Shon,Felix Wu,Kwangyoun Kim,Prashant Sridhar,Karen Livescu
Li-Wei Chen,Alexander I. Rudnicky
Xinjian Li,Florian Metze,David R. Mortensen,A. Black
Hang Chen,Jun Du,Yusheng Dai,Chin-Hui Lee,S. M. Siniscalchi,O. Scharenborg,Jingdong Chen,Bao-Cai Yin,Jia Pan
Yen-Ju Lu,Xuankai Chang,Chenda Li,Wangyou Zhang,Samuele Cornell,Zhaoheng Ni,Yoshiki Masuyama,Brian Yan,Robin Scheibler,Zhongqiu Wang,Yu Tsao,Y. Qian
Jiachen Lian,A. Black,Yijingxiu Lu,L. Goldstein,G. Anumanchipalli
Yushi Ueda,Soumi Maiti,Chunlei Zhang,Meng Yu,Shi-Xiong Zhang,Yong Xu
Zili Huang,Shu-wen Yang,Leibny Paola García-Perera,S. Khudanpur
Antonios Anastasopoulos,Loïc Barrault,L. Bentivogli,Marcely Zanon Boito,Ondrej Bojar,Roldano Cattoni,Anna Currey,Georgiana Dinu,Kevin Duh,Maha Elbayad,Clara Emmanuel,Y. Estève,Marcello Federico,C. Federmann,Souhir Gahbiche,Hongyu Gong,Roman Grundkiewicz,B. Haddow,B. Hsu,Dávid Javorský,Věra Kloudová,Surafel Melaku Lakew,Xutai Ma,Prashant Mathur,Paul McNamee,Kenton Murray,Maria Nadejde,Satoshi Nakamura,Matteo Negri,J. Niehues,Xing Niu,John E. Ortega,J. Pino,Elizabeth Salesky,Jiatong Shi,Matthias Sperber,S. Stüker,Katsuhito Sudoh,M. Turchi,Yogesh Virkar,A. Waibel,Changhan Wang
Motoi Omachi,Brian Yan,Siddharth Dalmia,Yuya Fujita
Matthew Maciejewski,Jing Shi,S. Khudanpur
Dan Berrebbi,Brian Yan
Hirofumi Ohashi,Takayuki Hishiki,D. Akazawa,Kwang Su Kim,J. Woo,Kaho Shionoya,K. Tsuchimoto,S. Iwanami,S. Moriyama,H. Kinoshita,Souichi Yamada,Y. Kuroda,Tsukasa Yamamoto,N. Kishida,H. Hasegawa,H. Ebihara,Tadaki Suzuki,Ken Maeda,S. Fukushi,Yoshimasa Takahashi,S. Iwami,K. Watashi
Brian Yan,Siddharth Dalmia,Yosuke Higuchi,Graham Neubig,Florian Metze,A. Black
Zhong-Qiu Wang,Samuele Cornell,Shukjae Choi,Younglo Lee,Byeonghak Kim
Suwon Shon,Siddhant Arora,Chyi-Jiunn Lin,Ankita Pasad,Felix Wu,Roshan Sharma,Wei Yu Wu,Hung-yi Lee,Karen Livescu
Kwangyoun Kim,Felix Wu,Yifan Peng,Jing Pan,Prashant Sridhar,Kyu J. Han
Shota Horiguchi,Yuki Takashima,Leibny Paola García-Perera,Y. Kawaguchi
Wangyou Zhang,Jing Shi,Chenda Li,Y. Qian
Soumi Maiti,Hakan Erdogan,K. Wilson,Scott Wisdom,J. Hershey
Brian Yan,Chunlei Zhang,Meng Yu,Shi-Xiong Zhang,Siddharth Dalmia,Dan Berrebbi,Chao Weng,Dong Yu
Maokui He,Desh Raj,Zili Huang,Jun Du,Zhuo Chen

Jaesong Lee,Jingu Kang

Pengcheng Guo,Xuankai Chang,Lei Xie
Wen-Chin Huang,Shu-wen Yang,Tomoki Hayashi,Hung-yi Lee,T. Toda
Kwangyoun Kim,Felix Wu,Prashant Sridhar,Kyu J. Han
Shu-wen Yang,Po-Han Chi,Yung-Sung Chuang,Cheng-I Lai,Kushal Lakhotia,Yist Y. Lin,Andy T. Liu,Jiatong Shi,Xuankai Chang,Guan-Ting Lin,Tzu-hsien Huang,W. Tseng,Ko-tik Lee,Da-Rong Liu,Zili Huang,Shuyan Dong,Shang-Wen Li,Abdel-rahman Mohamed,Hung-yi Lee
Yosuke Kashiwagi,E. Tsunoo
Tianzi Wang,Yuya Fujita,Xuankai Chang
Matthew Maciejewski,S. Khudanpur
Tatsuya Komatsu,Koichi Miyazaki,Tomoki Hayashi
Chaitanya Narisetty,Tomoki Hayashi,Ryunosuke Ishizaki,K. Takeda
Suwon Shon,Pablo Brusco,Jing Pan,Kyu J. Han
Siddhant Arora,Alissa Ostapenko,Vijay Viswanathan,Siddharth Dalmia,Florian Metze,A. Black

Yen-Ju Lu,Yu Tsao
Cong Han,Yi Luo,Chenda Li,Tianyan Zhou,K. Kinoshita,Marc Delcroix,Hakan Erdogan,J. Hershey,N. Mesgarani,Zhuo Chen
H. Inaguma,Yosuke Higuchi,Kevin Duh,Tatsuya Kawahara
Shinnosuke Takamichi,Ludwig Kurzinger,Takaaki Saeki,Sayaka Shiota
Jiatong Shi,Jonathan D. Amith,Xuankai Chang,Siddharth Dalmia,Brian Yan
Takashi Maekaku,Xuankai Chang,Yuya Fujita,Li-Wei Chen,Alexander I. Rudnicky
Chenda Li,Zhuo Chen,Yi Luo,Cong Han,Tianyan Zhou,K. Kinoshita,Marc Delcroix,Y. Qian
Shu-wen Yang,Po-Han Chi,Yung-Sung Chuang,Cheng-I Lai,Kushal Lakhotia,Y. Yist,Lin,Andy T. Liu,Jiatong Shi,Xuankai Chang,Daniel Lin,Tzu-hsien Huang,W. Tseng,Godic Lee,Da-Rong Liu,Zili Huang,Annie Dong,Shang-Wen Li,Abdel-rahman Mohamed,Hung-yi Lee

Wei Rao,Yihui Fu,Yanxin Hu,Xin Xu,Yvkai Jv,Jiangyu Han,Zhongjie Jiang,Lei Xie,Yannan Wang,Z. Tan,Hui Bu,Tao Yu,Shidong Shang
Tae Jin Park,Naoyuki Kanda,D. Dimitriadis,Kyu J. Han,Shrikanth S. Narayanan
Shota Horiguchi,Leibny Paola García-Perera,Yawen Xue,Yuki Takashima,Y. Kawaguchi
Guoguo Chen,Shuzhou Chai,Guan-Bo Wang,Jiayu Du,Weiqiang Zhang,Chao Weng,Dan Su,Daniel Povey,J. Trmal,Junbo Zhang,Mingjie Jin,S. Khudanpur,Shuaijiang Zhao,Wei Zou,Xiangang Li,Xuchen Yao,Yongqing Wang,Yujun Wang,Zhao You,Zhiyong Yan
Niko Moritz,Takaaki Hori,Jonathan Le Roux
A. Subramanian,Chao Weng,Meng Yu,Yong Xu,Shi-Xiong Zhang,Dong Yu
Nanxin Chen,J. Villalba,Piotr Żelasko,N. Dehak
Peter Wu,Paul Pu Liang,Jiatong Shi,R. Salakhutdinov,Louis-Philippe Morency
E. Tsunoo,Kentarou Shibata,Chaitanya Narisetty,Yosuke Kashiwagi
Shota Horiguchi,Nelson Yalta,Leibny Paola García-Perera,Yuki Takashima,Yawen Xue,Desh Raj,Zili Huang,Yusuke Fujita,S. Khudanpur
Yosuke Higuchi,Nanxin Chen,Yuya Fujita,H. Inaguma,Tatsuya Komatsu,Jaesong Lee,Jumon Nozaki,Tianzi Wang
Jing Pan,Tao Lei,Kwangyoun Kim,Kyu J. Han
Shu-wen Yang,Po-Han Chi,Yung-Sung Chuang,Cheng-I Lai,Kushal Lakhotia,Yist Y. Lin,Andy T. Liu,Jiatong Shi,Xuankai Chang,Guan-Ting Lin,Tzu-hsien Huang,W. Tseng,Ko-tik Lee,Da-Rong Liu,Zili Huang,Shuyan Dong,Shang-Wen Li,Abdel-rahman Mohamed,Hung-yi Lee
H. Inaguma,T. Kawahara
Murali Karthick Baskar,L. Burget,Ramón Fernández Astudillo,J. Černocký
Shota Horiguchi,Yusuke Fujita,Yawen Xue,Leibny Paola García-Perera
Jiatong Shi,Jiatong Shi. Jonathan D. Amith,Rey Castillo Garc'ia,Esteban Guadalupe Sierra,Kevin Duh
Shota Horiguchi,Yusuke Fujita,Yawen Xue,Leibny Paola García-Perera
Yawen Xue,Shota Horiguchi,Yusuke Fujita,Yuki Takashima,Leibny Paola García-Perera,Kenji Nagamatsu
Peter Wu,Jiatong Shi,Yifan Zhong,A. Black
H. Inaguma,Brian Yan,Siddharth Dalmia,Pengcheng Gu,Jiatong Shi,Kevin Duh
Brian Yan,Siddharth Dalmia,David R. Mortensen,Florian Metze
H. Inaguma,Siddharth Dalmia,Brian Yan
Yao-Yuan Yang,Moto Hira,Zhaoheng Ni,Anjali Chourdia,Artyom Astafurov,Caroline Chen,Ching-feng Yeh,Christian Puhrsch,David Pollack,Dmitriy Genzel,Donny Greenberg,Edward Z. Yang,Jason Lian,Jay Mahadeokar,Jeff Hwang,Ji Chen,Peter Goldsborough,Prabhat Roy,Sean Narenthiran,Soumith Chintala,Vincent Quenneville-B'elair,Yangyang Shi
Jing Shi,Xuankai Chang,Tomoki Hayashi,Yen-Ju Lu,Bo Xu
Zili Huang,Marc Delcroix,Leibny Paola García-Perera,Desh Raj,S. Khudanpur
Chenda Li,Yi Luo,Cong Han,Jinyu Li,Takuya Yoshioka,Tianyan Zhou,Marc Delcroix,K. Kinoshita,Christoph Böddeker,Y. Qian,Zhuo Chen
Tomoki Hayashi,Ryuichi Yamamoto,Takenori Yoshimura,Peter Wu,Jiatong Shi,Takaaki Saeki,Yooncheol Ju,Yusuke Yasuda,Shinnosuke Takamichi
A. Hussein,Ahmed M. Ali
Kateřina Žmolíková,Marc Delcroix,Desh Raj,J. Černocký
Patrick K. O’Neill,Vitaly Lavrukhin,Somshubra Majumdar,V. Noroozi,Yuekai Zhang,Oleksii Kuchaiev,J. Balam,Yuliya Dovzhenko,Keenan Freyberg,Michael D. Shulman,Boris Ginsburg,G. Kucsko
Siddharth Dalmia,Brian Yan,Vikas Raunak,Florian Metze
Yuki Takashima,Yusuke Fujita,Shota Horiguchi,Leibny Paola García-Perera,Kenji Nagamatsu
Yawen Xue,Shota Horiguchi,Yusuke Fujita,Yuki Takashima,Leibny Paola García-Perera,Kenji Nagamatsu
Jiatong Shi,Chunlei Zhang,Chao Weng,Meng Yu,Dong Yu
H. Inaguma,Yosuke Higuchi,Kevin Duh,Tatsuya Kawahara
Yuki Takashima,Yusuke Fujita,Shota Horiguchi,Paola Garc'ia,Kenji Nagamatsu
Siddhant Arora,Siddharth Dalmia,Pavel Denisov,Xuankai Chang,Yushi Ueda,Yifan Peng,Yuekai Zhang,Sujay S. Kumar,Karthik Ganesan,Brian Yan,Ngoc Thang Vu,A. Black
Xuankai Chang,Takashi Maekaku,Pengcheng Guo,Jing Shi,Yen-Ju Lu,A. Subramanian,Tianzi Wang,Shu-wen Yang,Yu Tsao,Hung-yi Lee
Takatomo Kano,A. Ogawa,Marc Delcroix
A. Subramanian,Chao Weng,Meng Yu,Dong Yu
Wangyou Zhang,Christoph Boeddeker,T. Nakatani,Marc Delcroix,K. Kinoshita,Tsubasa Ochiai,Naoyuki Kamo,R. Haeb-Umbach,Y. Qian
Desh Raj,Pavel Denisov,Zhuo Chen,Hakan Erdogan,Zili Huang,Maokui He,Jun Du,Takuya Yoshioka,Yi Luo,Naoyuki Kanda,Jinyu Li,Scott Wisdom,J. Hershey
Motoi Omachi,Yuya Fujita,Matthew Wiesner
Florian Boyer,Yusuke Shinohara,Takaaki Ishii,H. Inaguma
Wen-Chin Huang,Tomoki Hayashi,Xinjian Li,T. Toda
Jaesong Lee
Yawen Xue,Shota Horiguchi,Yusuke Fujita,Kenji Nagamatsu
Matthew Maciejewski,Jing Shi,S. Khudanpur
Koichi Miyazaki,Tatsuya Komatsu,Tomoki Hayashi,T. Toda,K. Takeda
Yosuke Higuchi,Nanxin Chen,Tetsuji Ogawa,Tetsunori Kobayashi
Xuankai Chang,Wangyou Zhang,Y. Qian,Jonathan Le Roux
Takenori Yoshimura,Tomoki Hayashi,K. Takeda
Jiatong Shi,Chunlei Zhang,Chao Weng,Meng Yu,Dong Yu

Jaesung Huh,Hee-Soo Heo,Jingu Kang,Joon Son Chung

R. Haeb-Umbach,Jahn Heymann,Lukas Drude,Marc Delcroix,Tomohiro Nakatani Paderborn University,H Germany,A. Aachen,J. University,Baltimore.,Usa,Ntt Communication Science Laboratories,Kyoto,Japan.
Yusuke Fujita,Shota Horiguchi,Yawen Xue,Kenji Nagamatsu
Yosuke Higuchi,H. Inaguma,Tetsuji Ogawa,Tetsunori Kobayashi
Chenda Li,Jing Shi,Wangyou Zhang,A. Subramanian,Xuankai Chang,Naoyuki Kamo,Moto Hira,Tomoki Hayashi,Christoph Boeddeker,Zhuo Chen
Zili Huang,Yusuke Fujita,Leibny Paola García-Perera,Yiwen Shao,Daniel Povey,S. Khudanpur
Yuya Fujita,Motoi Omachi,Xuankai Chan
Florian Boyer,Xuankai Chang,Pengcheng Guo,Tomoki Hayashi,Yosuke Higuchi,Takaaki Hori,Wen-Chin Huang,H. Inaguma,Naoyuki Kamo,Shigeki Karita,Chenda Li,Jing Shi,A. Subramanian,Wangyou Zhang
Desh Raj,Leibny Paola García-Perera,Zili Huang,Daniel Povey,A. Stolcke,S. Khudanpur
Wangyou Zhang,A. Subramanian,Xuankai Chang,Y. Qian
Shota Horiguchi,Leibny Paola García-Perera,Yusuke Fujita,Kenji Nagamatsu
Desh Raj,Pavel Denisov,Zhuo Chen,Hakan Erdogan,Zili Huang,Maokui He,Jun Du,Takuya Yoshioka,Yi Luo,Naoyuki Kanda,Jinyu Li,Scott Wisdom,J. Hershey
Wangyou Zhang,Xuankai Chang,Y. Qian
Pengcheng Guo,Florian Boyer,Xuankai Chang,Tomoki Hayashi,Yosuke Higuchi,H. Inaguma,Naoyuki Kamo,Chenda Li,D. Garcia-Romero,Jiatong Shi,Jing Shi,Kun Wei,Wangyou Zhang,Yuekai Zhang
H. Inaguma,Shun Kiyono,Kevin Duh,Shigeki Karita,Nelson Yalta,Tomoki Hayashi
Tomoki Hayashi

E. Tsunoo,Yosuke Kashiwagi
Ashish Arora,Desh Raj,A. Subramanian,Ke Li,Bar Ben-Yair,Matthew Maciejewski,Piotr Żelasko,Leibny Paola García-Perera,S. Khudanpur
Yuya Fujita,Tianzi Wang,Motoi Omachi
Yusuke Fujita,Shota Horiguchi,Yawen Xue,Jing Shi,Kenji Nagamatsu
Wen-Chin Huang,Tomoki Hayashi,T. Toda
Xuankai Chang,A. Subramanian,Pengcheng Guo,Yuya Fujita,Motoi Omachi
Koichi Miyazaki,Tatsuya Komatsu,Tomoki Hayashi,T. Toda,K. Takeda
Yuya Fujita,Motoi Omachi
A. Subramanian,Chao Weng,Meng Yu,Shi-Xiong Zhang,Yong Xu,Dong Yu
E. Tsunoo,Yosuke Kashiwagi
Koichi Miyazaki,Tatsuya Komatsu,Tomoki Hayashi,T. Toda,K. Takeda
Katsuki Inoue,Sunao Hara,M. Abe,Tomoki Hayashi,Ryuichi Yamamoto
Jing Shi,Jiaming Xu,Yusuke Fujita,Bo Xu
Jing Shi,Xuankai Chang,Pengcheng Guo,Yusuke Fujita,Jiaming Xu,Bo Xu,Lei Xie
Michael Mandel,J. Barker,E. Vincent
Cong Han,Yi Luo,Chenda Li,Tianyan Zhou,K. Kinoshita,Marc Delcroix,Hakan Erdogan,J. Hershey,N. Mesgarani,Zhuo Chen
Shota Horiguchi,Yusuke Fujita,Yawen Xue,Kenji Nagamatsu
Murali Karthick Baskar,Ramón Fernández Astudillo,L. Burget,J. Černocký
T. Shinozaki,Kevin Duh
Jaejin Cho,Piotr Żelasko,J. Villalba,N. Dehak
Tomoki Hayashi,Ryuichi Yamamoto,Katsuki Inoue,Takenori Yoshimura,T. Toda,K. Takeda,Yu Zhang,Xu Tan
Jonathan Le Roux,G. Wichern,Andy M. Sarroff,J. Hershey
Yiming Wang,Tongfei Chen,Hainan Xu,Shuoyang Ding,Hang Lv,Yiwen Shao,Nanyun Peng,Lei Xie,S. Khudanpur
Shigeki Karita,Nanxin Chen,Tomoki Hayashi,Takaaki Hori,H. Inaguma,Ziyan Jiang,Masao Someki,Nelson Yalta,Ryuichi Yamamoto,Xiao-fei Wang,Takenori Yoshimura,Wangyou Zhang
Naoyuki Kanda,Yusuke Fujita,Shota Horiguchi,Rintaro Ikeshita,Kenji Nagamatsu
H. Inaguma,Shun Kiyono,Nelson Enrique Yalta Soplin,Jun Suzuki,Kevin Duh
J. Le Roux,G. Wichern,Andy M. Sarroff,J. Hershey
Nanxin Chen,J. Villalba,N. Dehak
Oliver Adams,Matthew Wiesner,David Yarowsky
Naoyuki Kanda,Shota Horiguchi,R. Takashima,Yusuke Fujita,Kenji Nagamatsu
Shigeki Karita,Tomoharu Iwata,Marc Delcroix,A. Ogawa,T. Nakatani
Vimal Manohar,Szu-Jui Chen,Zhiqi Wang,Yusuke Fujita,S. Khudanpur
Murali Karthick Baskar,Ramón Fernández Astudillo,Takaaki Hori,L. Burget,J. Černocký
Nanxin Chen,J. Villalba,N. Dehak
L. Moro-Velázquez,Jaejin Cho,M. Hasegawa-Johnson,O. Scharenborg,Heejin Kim,N. Dehak
T. Taniguchi,A. Subramanian,Xiaofei Wang,Dung T. Tran,Yuya Fujita
Murali Karthick Baskar,Ramón Fernández Astudillo,Takaaki Hori,L. Burget,J. Černocký
Yuya Fujita,A. Subramanian,Motoi Omachi
Takafumi Moriya,Tomohiro Tanaka,T. Shinozaki,Kevin Duh
A. Subramanian,Xiaofei Wang,T. Taniguchi,Dung T. Tran,Yuya Fujita
S. Araki,M. Bacchiani,Reinhold Häb-Umbach,M. Seltzer
Xuankai Chang,Y. Qian,Kai Yu
Hainan Xu,Shuoyang Ding
A. Subramanian,Xiaofei Wang,T. Taniguchi,Dung T. Tran,Yuya Fujita
Zhong-Qiu Wang,Hakan Erdogan,Scott Wisdom,K. Wilson,Desh Raj,Zhuo Chen,J. Hershey
D. Garcia-Romero,David Snyder,Gregory Sell,A. McCree,Daniel Povey,S. Khudanpur
Ruizhi Li,Xiaofei Wang,Sri Harish Reddy Mallidi,Takaaki Hori,H. Hermansky
H. Inaguma,Kevin Duh,Tatsuya Kawahara
Marc Delcroix,Tsubasa Ochiai,K. Kinoshita,Shigeki Karita,A. Ogawa,T. Nakatani
A. Subramanian,Xiaofei Wang,Murali Karthick Baskar,T. Taniguchi,Dung T. Tran,Yuya Fujita
Xuankai Chang,Wangyou Zhang,Y. Qian,Jonathan Le Roux
Naoyuki Kanda,Shota Horiguchi,Yusuke Fujita,Yawen Xue,Kenji Nagamatsu
Ashish Arora,Chun-Chieh Chang,Babak Rekabdar,Daniel Povey,David Etter,Desh Raj,Hossein Hadian,J. Trmal,Leibny Paola García-Perera,Vimal Manohar,Yiwen Shao,S. Khudanpur
H. Seki,Takaaki Hori,Niko Moritz,Jonathan Le Roux
E. Tsunoo,Yosuke Kashiwagi,Toshiyuki Kumakura
E. Tsunoo,Yosuke Kashiwagi,Toshiyuki Kumakura
Matthew Wiesner,Adithya Renduchintala,Chunxi Liu,N. Dehak,S. Khudanpur
Xiaofei Wang,Ruizhi Li,Sri Harish Reddy Mallidi,Takaaki Hori,H. Hermansky
Yusuke Fujita,Naoyuki Kanda,Shota Horiguchi,Yawen Xue,Kenji Nagamatsu
Yusuke Fujita,Naoyuki Kanda,Shota Horiguchi,Kenji Nagamatsu
Ruizhi Li,Gregory Sell,Xiaofei Wang,H. Hermansky
R. Haeb-Umbach,T. Nakatani,M. Bacchiani,Björn Hoffmeister,M. Seltzer,H. Zen,M. Souden
Matthew Maciejewski,Gregory Sell,Yusuke Fujita,Leibny Paola García-Perera,S. Khudanpur
R. Haeb-Umbach,T. Nakatani,M. Bacchiani,Björn Hoffmeister,M. Seltzer,H. Zen,M. Souden
H. Seki,Takaaki Hori,Jonathan Le Roux,J. Hershey
Tomoki Hayashi,T. Toda,K. Takeda,Shubham Toshniwal,Karen Livescu
Shigeki Karita,Nelson Yalta,Marc Delcroix,A. Ogawa,T. Nakatani
H. Inaguma,Kevin Duh,Tatsuya Kawahara
P. Frederiksen,J. Villalba,Z. Tan,N. Dehak
Hiroshi Seki,Takaaki Hori
Shane Settle,Jonathan Le Roux,Takaaki Hori,J. Hershey
Takaaki Hori,Shigeki Karita,Tomoki Hayashi,Jiro Nishitoba,Y. Unno,Nelson Yalta,Jahn Heymann,Matthew Wiesner,Nanxin Chen,Adithya Renduchintala,Tsubasa Ochiai
Hiroshi Seki,Takaaki Hori,Jonathan Le Roux,J. Hershey
Takaaki Hori,Ramón Fernández Astudillo,Tomoki Hayashi,Yu Zhang,Jonathan Le Roux
Nelson Yalta,Takaaki Hori,K. Nakadai,T. Ogata
Tomoki Hayashi,Yu Zhang,T. Toda,Takaaki Hori,Ramón Fernández Astudillo,K. Takeda
Hiroshi Seki,Takaaki Hori
Jaejin Cho,Murali Karthick Baskar,Ruizhi Li,Matthew Wiesner,Sri Harish Reddy Mallidi,Nelson Yalta,M. Karafiát,Takaaki Hori
T. Tanikawa,Y. Uchida,N. Takemae,Ryota Tsunekuni,J. Mine,Ming-Tsan Liu,Ji-Rong Yang,M. Shirakura,T. Odagiri,Takehiko Saito
H. Inaguma,Jaejin Cho,Murali Karthick Baskar,Tatsuya Kawahara
Tsubasa Ochiai,S. Katagiri,Takaaki Hori,J. Hershey
Marc Delcroix,A. Ogawa,Shigeki Karita,T. Nakatani
Miei Takeda,H. Katano,Kazuma Noguchi,Yuko Sato,Sayaka Kojima,T. Miura,R. Majima,Souichi Yamada,N. Inoue
A. Subramanian,Szu-Jui Chen
Takaaki Hori,Jaejin Cho
Jaejin Cho,Takaaki Hori,Murali Karthick Baskar,H. Inaguma,J. Villalba,N. Dehak
Shigeki Karita,Tomoharu Iwata,A. Ogawa,Marc Delcroix
Chunxi Liu,Matthew Wiesner,Craig Harman,J. Trmal,N. Dehak,S. Khudanpur
Adithya Renduchintala,Shuoyang Ding,Matthew Wiesner
Murali Karthick Baskar,L. Burget,M. Karafiát,Takaaki Hori,J. Černocký
M. Karafiát,Murali Karthick Baskar,Takaaki Hori,Matthew Wiesner,J. Černocký
T. Miura,Reina Makino,K. Yamada,Miku Matsuura,Misaki Okumura,Souichi Yamada,N. Inoue
H. Inaguma,Xuan Zhang,Zhiqi Wang,Adithya Renduchintala,Kevin Duh
Matthew Maciejewski,Gregory Sell,Leibny Paola García-Perera,S. Khudanpur
Gregory Sell,David Snyder,A. McCree,D. Garcia-Romero,J. Villalba,Matthew Maciejewski,Vimal Manohar,N. Dehak,Daniel Povey,S. Khudanpur
Szu-Jui Chen,A. Subramanian,Hainan Xu
Hiroshi Seki,Takaaki Hori,Jonathan Le Roux,J. Hershey
T. Virtanen,D. Kolossa
Nelson Yalta,K. Nakadai,T. Ogata
Sandeep Reddy Kothinti,Keisuke Imoto,D. Chakrabarty,Gregory Sell,Mounya Elhilali
Ruizhi Li,Xiaofei Wang,Sri Harish Reddy Mallidi,Takaaki Hori,H. Hermansky
Tomoki Hayashi,T. Toda,K. Takeda
J. Hershey,Jonathan Le Roux,Scott Wisdom,Zhuo Chen,Y. Isik
Takaaki Hori,Zhuo Chen,Hakan Erdogan,J. Hershey,Jonathan Le Roux,V. Mitra
J. Barker,R. Marxer,E. Vincent
J. Barker,R. Marxer,E. Vincent
M. Karafiát,Karel Veselý,Kateřina Žmolíková,Marc Delcroix,L. Burget,J. Černocký,Igor Szöke
Marc Delcroix,Florian Metze,J. Hershey
Hiroki Kanagawa,Yuuki Tachioka,Jun Ishii
E. Vincent,Aditya Arie Nugraha,J. Barker,R. Marxer
Xiong Xiao,Hakan Erdogan,Michael I. Mandel,Liang Lu,J. Hershey,M. Seltzer,Guoguo Chen,Yu Zhang,Dong Yu
Takaaki Hori,J. Hershey
Takaaki Hori,J. Hershey
Hayato Shibata,Taku Kato,T. Shinozaki
Takaaki Hori,Y. Miao,Marc Delcroix,Florian Metze,J. Hershey
Zhong Meng,J. Hershey,Hakan Erdogan
Takaaki Hori,Jonathan Le Roux,J. Hershey
Tomoki Hayashi,T. Toda,Takaaki Hori,Jonathan Le Roux,K. Takeda
Tsubasa Ochiai,Takaaki Hori,J. Hershey,Xiong Xiao
T. Shinozaki,D. Mochihashi,Graham Neubig
Takaaki Hori,Suyoun Kim,J. Hershey,Tomoki Hayashi
Hakan Erdogan,J. Hershey,Jonathan Le Roux
Yuuki Tachioka,Jonathan Le Roux,J. Hershey
J. Barker,R. Marxer,E. Vincent
Takaaki Hori,Yu Zhang,William Chan
Tsubasa Ochiai,Takaaki Hori,J. Hershey
Tomoki Hayashi,T. Toda,Takaaki Hori,Jonathan Le Roux,K. Takeda
Takaaki Hori,J. Hershey
Yuuki Tachioka,Tomohiro Narita,Iori Miura,Takanobu Uramoto,Natsuki Monta,Shingo Uenohara,K. Furuya,Jonathan Le Roux
Tsubasa Ochiai,S. Katagiri
J. Barker,R. Marxer,E. Vincent
T. Koike-Akino,Ruhi Mahajan,Tim K. Marks,Ye Wang,Oncel Tuzel,P. Orlik
Scott Wisdom,J. Hershey,Jonathan Le Roux
Xiong Xiao,Chenglin Xu,Zhaofeng Zhang,Shengkui Zhao,Sining Sun,Longbiao Wang,Lei Xie,Douglas L. Jones,E. Chng,Haizhou Li
L. Burget,S. Khudanpur,N. Dehak,J. Trmal,R. Haeb-Umbach,Graham Neubig,D. Mochihashi,T. Shinozaki,Ming Sun,Chunxi Liu,Matthew Wiesner,R. Pappagari,Lucas Ondel,M. Hannemann,Santosh Kesiraju,Thomas Glarner,Leda Sari,Jinyi Yang,Ondřej Cífka,Yibo Yang,Alena Rott
Karel Veselý,Kateřina Žmolíková,M. Karafiát,L. Burget,J. Černocký
Xiong Xiao,Chng Eng Siong,Haizhou Li
Hakan Erdogan,J. Hershey,Michael I. Mandel,Jonathan Le Roux
Karel Veselý,Kateřina Žmolíková,M. Karafiát,L. Burget
Tomohiro Tanaka,T. Shinozaki,Takaaki Hori
Suyoun Kim,Takaaki Hori
Y. Isik,Jonathan Le Roux,Zhuo Chen,J. Hershey
Yuuki Tachioka,Jonathan Le Roux,J. Hershey
Takaaki Hori,Chiori Hori,J. Hershey
Kateřina Žmolíková,M. Karafiát,Karel Veselý,Marc Delcroix,L. Burget,J. Černocký
Xiong Xiao,Hakan Erdogan,Liang Lu,J. Hershey,M. Seltzer,Guoguo Chen,Yu Zhang,Michael I. Mandel,Dong Yu
Tomohiro Tanaka,Takafumi Moriya,T. Shinozaki,Takaaki Hori,Kevin Duh
Chiori Hori,Takaaki Hori,J. Hershey
Naohiro Tawara,Tetsuji Ogawa,Tetsunori Kobayashi
Tomoki Hayashi,T. Toda,Takaaki Hori,Jonathan Le Roux,K. Takeda
T. Koike-Akino,Ruhi Mahajan,Tim K. Marks,Ye Wang,Oncel Tuzel,P. Orlik
Tomoki Hayashi,T. Toda,Takaaki Tori,Jonathan Le Roux,K. Takeda
Hakan Erdogan,Tomoki Hayashi,J. Hershey,T. Hori,Chiori Hori,Wei-Ning Hsu,Suyoun Kim,Jonathan Le Roux,Zhong Meng
Chiori Hori,Takaaki Hori,B. Harsham,J. Hershey,Yusuke Koji,Youichi Fujii,Yuki Furumoto
Takaaki Hori,Hai Wang,Chiori Hori,B. Harsham,Jonathan Le Roux,J. Hershey,Yusuke Koji,Yi Jing,Zhaocheng Zhu,T. Aikawa
Tomohiro Tanaka,Takafumi Moriya,T. Shinozaki,Takaaki Hori,Kevin Duh
Jen-Tzung Chien
Zhuo Chen,Hakan Erdogan,J. Hershey
Chiori Hori,Takaaki Hori
Yuuki Tachioka,Tomohiro Narita
Hakan Erdogan,J. Hershey,Jonathan Le Roux
J. Hershey,Zhuo Chen,Jonathan Le Roux
Roger Hsiao,Jeff Z. Ma,William Hartmann,M. Karafiát,F. Grézl,L. Burget,Igor Szöke,J. Černocký,Zhuo Chen,Sri Harish Reddy Mallidi,H. Hermansky,S. Tsakalidis,R. Schwartz
A. H. Abdelaziz,J. Hershey,E. Vincent,D. Kolossa
T. Shinozaki
Yi Luan,B. Harsham
J. Hershey,Jonathan Le Roux,Hakan Erdogan
F. Weninger,Hakan Erdogan,E. Vincent,Jonathan Le Roux,J. Hershey,Björn Schuller
B. Harsham,Alan Esenther,J. Hershey,Jonathan Le Roux,Yi Luan,D. Nikovski,V. Potluru
Hiroki Kanagawa,Yuuki Tachioka,Jun Ishii
Yuuki Tachioka,Tomohiro Narita
Jen-Tzung Chien
Takafumi Moriya,Tomohiro Tanaka,T. Shinozaki,Kevin Duh
Jen-Tzung Chien
Jen-Tzung Chien
Jen-Tzung Chien
Takaaki Hori,Zhuo Chen,Hakan Erdogan,J. Hershey,Jonathan Le Roux,V. Mitra
Yuuki Tachioka
Naohiro Tawara,Tetsuji Ogawa,A. Nakamura,Tetsunori Kobayashi
J. Barker,E. Vincent,J. Trmal
Ramón Fernández Astudillo,A. H. Abdelaziz,D. Kolossa
Yuuki Tachioka

Hao Tang,Tim K. Marks,J. Hershey
F. Weninger,Yuuki Tachioka,Björn Schuller
Yuuki Tachioka,Tomohiro Narita,F. Weninger
F. Weninger,Jonathan Le Roux,J. Hershey,Yuuki Tachioka,Jürgen T. Geiger,Björn Schuller,G. Rigoll
Atsushi Nakamura,B. Juang,Tatsuya Matsuda,Hiroya Hashimoto,O. Urhan,Xiaoyan Wang,S. Hugueny
T. Faure,A. Zweber,L. Bozano,M. Sanchez,R. Sooriyakumaran,L. Sundberg,Y. Sakamoto,S. Nash,M. Kagawa,T. Isogawa,T. Senna,M. Tanabe,T. Komizo,I. Yoshida,K. Masunaga,Y. Kawai,J. Malenfant,R. Bowley
Yuuki Tachioka,Jonathan Le Roux,J. Hershey
F. Weninger,Jonathan Le Roux,J. Hershey
Yuuki Tachioka,Jonathan Le Roux,J. Hershey
A. Nakamura,B. Juang
Chao Weng,Dong Yu,B. Juang
J. Hershey,Tim K. Marks,Youichi Fujii,Yusuke Koji
Yuuki Tachioka,Tomohiro Narita,Jonathan Le Roux
Jonathan Le Roux
E. Vincent,J. Barker,Jonathan Le Roux,F. Nesta,M. Matassoni
Marc Delcroix,T. Nakatani,A. Nakamura
A. Burkov,M. Takeda,A. Teruya,S. Hirakawa,Y. Hiranaka,A. Nakamura,M. Hedo,T. Nakama,K. Yagasaki,Y. Takaesu,K. Uchima,Y. Uwatoko
Marc Delcroix,K. Kinoshita,T. Nakatani,S. Araki,A. Ogawa,Takaaki Hori,M. Fujimoto,Takuya Yoshioka,T. Oba,Yotaro Kubo,M. Souden,Seongjun Hahm,A. Nakamura
Yuuki Tachioka,Jonathan Le Roux,J. Hershey
K. Mori,Yoshihiro Ono,Toshikazu Ishikawa,Michiaki Sugiyama,S. Imasu,T. Ochiai,Ryo Mori,Tsuyoshi Kida,Tomoaki Hashimoto,Hideki Tanaka,M. Kimura

Masayuki Suzuki,Takuya Yoshioka,N. Minematsu,K. Hirose
Yukiko Matsuoka,Hiromi Matsumae,Manami Katoh,A. Eisfeld,G. Neumann,T. Hase,Samik Ghosh,J. Shoemaker,Tiago J. S. Lopes,Tokiko Watanabe,S. Fukuyama,H. Kitano,Y. Kawaoka
Jonathan Le Roux,J. Hershey
Yuki Tachioka
A. Nakamura,B. Juang
Yuuki Tachioka,Jonathan Le Roux,J. Hershey
Yuuki Tachioka
E. Vincent,J. Barker,Jonathan Le Roux,F. Nesta,M. Matassoni
Tomoharu Iwata
J. Hershey
Seongjun Hahm,A. Ogawa,M. Fujimoto,Takaaki Hori,A. Nakamura
Yuuki Tachioka,J. Hershey
E. Vincent,J. Barker,Jonathan Le Roux,F. Nesta,M. Matassoni
Koichiro Yoshino,Jonathan Le Roux,J. Hershey
Yotaro Kubo,Takaaki Hori,A. Nakamura
Seongjun Hahm,M. Fujimoto,A. Ogawa,Takaaki Hori,A. Nakamura
A. Nakamura
D. Saito,A. Nakamura,N. Minematsu
Yotaro Kubo,T. Oba,Takaaki Hori,A. Nakamura
M. Fujimoto,T. Nakatani
Roland Roller,Tomoharu Iwata
Naohiro Tawara,Tetsuji Ogawa,Tetsunori Kobayashi
J. Shoemaker,S. Fukuyama,A. Eisfeld,Y. Muramoto,Tokiko Watanabe,Yukiko Matsuoka,H. Kitano,Y. Kawaoka
M. Fujimoto,T. Nakatani
Yotaro Kubo,A. Nakamura
Marc Delcroix,A. Ogawa,T. Nakatani,A. Nakamura
Yotaro Kubo,A. Nakamura,Simon Wiesler,R. Schlüter,H. Ney
Takaaki Hori,S. Araki,Takuya Yoshioka,M. Fujimoto,T. Oba,A. Ogawa,K. Otsuka,Dan Mikami,K. Kinoshita,T. Nakatani,A. Nakamura,Junji Yamato
Naohiro Tawara,Tetsuji Ogawa,A. Nakamura,Tetsunori Kobayashi
E. Chuangsuwanich,Takaaki Hori,Tomoharu Iwata,James R. Glass
Masayuki Suzuki,Takuya Yoshioka,N. Minematsu,K. Hirose
M. Gales,E. Fosler-Lussier
Tomoharu Iwata
T. Maekawa
B. Juang
T. Maekawa
K. Hiramatsu,H. Sakano,I. Motoyoshi,Hideki Sakurada,Tessei Kobayashi
Tomoharu Iwata,Takaaki Hori,A. Sako,Y. Ariki
D. Saito,A. Nakamura,N. Minematsu
D. Mochihashi,Takaaki Hori,A. Nakamura
Marc Delcroix,K. Kinoshita,T. Nakatani,S. Araki,A. Ogawa,Takaaki Hori,M. Fujimoto,Takuya Yoshioka,T. Oba,Yotaro Kubo,M. Souden,Seongjun Hahm,A. Nakamura
A. Nakamura,B. Juang
Yotaro Kubo,Simon Wiesler,R. Schlüter,H. Ney,A. Nakamura,Tetsunori Kobayashi
Marc Delcroix,T. Nakatani

Tomoharu Iwata,H. Sawada
Naohiro Tawara,Tetsuji Ogawa,Tetsunori Kobayashi
M. Fujimoto,T. Nakatani
M. Fujimoto,T. Nakatani
Marc Delcroix,T. Nakatani,A. Nakamura
A. Nakamura,B. Juang
T. Maekawa
S. Araki,Takaaki Hori,Takuya Yoshioka,M. Fujimoto,T. Oba,A. Ogawa,K. Otsuka,Dan Mikami,Marc Delcroix,K. Kinoshita,T. Nakatani,A. Nakamura,Junji Yamato
D. Mochihashi,Takaaki Hori,A. Nakamura
M. Nishimori,H. Hasegawa,S. Sasaki,Y. Hirayama
M. Nemoto,K. Ikago,N. Inoue,M. Ikenaga
Tomoharu Iwata
K. Nishiki,Y. Izumi,T. Nishimoto,Nobutaka Ono,S. Sagayama
D. Saito,A. Nakamura,N. Minematsu
D. Cournapeau,A. Nakamura,Tatsuya Kawahara
D. Cournapeau,A. Nakamura,Tatsuya Kawahara
Takaaki Hori,E. McDermott,A. Nakamura
S. Araki,Takaaki Hori,M. Fujimoto,Takuya Yoshioka,T. Nakatani,A. Nakamura
M. Nishimori,S. Sasaki,Y. Hirayama
M. Fujimoto,T. Nakatani
Takaaki Hori,A. Nakamura
Takaaki Hori,A. Nakamura
Yotaro Kubo,A. Nakamura,Tetsunori Kobayashi
Yotaro Kubo,A. Nakamura,E. McDermott,Tetsunori Kobayashi
Tomoharu Iwata,Takaaki Hori,A. Sako,Y. Ariki
K. Aoyama,H. Sawada,Yasuhiro Minami,N. Ueda,Kazumi Saito
Hideyuki Watanabe,S. Katagiri,K. Yamada,E. McDermott,A. Nakamura,M. Ohsaki
A. Nakamura
E. McDermott,A. Nakamura
Takaaki Hori,S. Araki,Takuya Yoshioka,M. Fujimoto,T. Oba,A. Ogawa,K. Otsuka,Dan Mikami,K. Kinoshita,T. Nakatani,A. Nakamura,Junji Yamato
M. Nemoto,K. Ikago,N. Inoue,M. Ikenaga
Marc Delcroix,T. Nakatani
E. McDermott,A. Nakamura
S. Katagiri,E. McDermott,A. Nakamura,M. Ohsaki

Yotaro Kubo,A. Nakamura,E. McDermott,Tetsunori Kobayashi
Tomoharu Iwata,Takeshi Yamada,N. Ueda
Yosuke Izumi,K. Nishiki,T. Nishimoto,Nobutaka Ono,S. Sagayama
M. Fujimoto,T. Nakatani
A. Nakamura
A. Nakamura,E. McDermott,S. Katagiri
A. Nakamura
Marc Delcroix,T. Nakatani
