N. Saba,Y. Teng
Yong Teng
C. Eberhardt,H. Kissick,Mihir R Patel,Maria A Cardenas,Nataliya Prokhnevska,Rebecca C. Obeng,T. Nasti,Christopher C. Griffith,S. Im,Xu Wang,Dong-Mi Shin,M. Carrington,J. Sidney,A. Sette,N. Saba,A. Wieland,R. Ahmed
Zhengjia Chen,Chao Zhang,Jianhong Chen,Dongsheng Wang,Jieqi Tu,C. Van Waes,N. Saba,Zhong Chen
A. Amin,Dongsheng Wang,S. Nannapaneni,Rajan Lamichhane,D. Shin
Zhengjia Chen,Chao Zhang,Jianhong Chen,Dongsheng Wang,N. Saba,Zhong Chen
S. Nannapaneni,Christopher C. Griffith,K. Magliocca,Wanqi Chen,Xueying Lyu,Zhengjia Chen,Dongsheng Wang,Xu Wang,D. Shin,N. Saba
L. Shu,Dongsheng Wang,S. Nannapaneni,Youzhi Sun,Christopher C. Griffith,Xu Wang,Zhengjia Chen,Mihir R Patel,M. El-Deiry,D. Shin,N. Saba
M. Rahman,Pengfei Wang,Zhixiang Zhao,Dongsheng Wang,S. Nannapaneni,Chao Zhang,Zhengjia Chen,Christopher C. Griffith,S. Hurwitz,Yonggang Ke,D. Shin
A. Anisuzzaman,A. Haque,Dongsheng Wang,M. Rahman,Chao Zhang,Zhengjia Chen,D. Shin,A. Amin
L. Shu,Dongsheng Wang,N. Saba
A. Wieland,Mihir R Patel,Maria A Cardenas,C. Eberhardt,W. Hudson,Rebecca C. Obeng,Christopher C. Griffith,Xu Wang,H. Kissick,N. Saba,R. Ahmed
A. Wieland,Mihir R Patel,Maria A Cardenas,C. Eberhardt,W. Hudson,Rebecca C. Obeng,Christopher C. Griffith,Xu Wang,H. Kissick,N. Saba,R. Ahmed
D. Shin,S. Nannapaneni,Mihir R Patel,Qiuying Shi,Yuan Liu,Zhengjia Chen,Amy Y. Chen,M. El-Deiry,J. Beitler,C. Steuer,S. Roser,A. Klein,T. Owonikoko,S. Ramalingam,F. Khuri,N. Saba
Dongsheng Wang,Y. Lu,S. Nannapaneni,Christopher C. Griffith,C. Steuer,G. Qian,Xu Wang,Zhengjia Chen,Mihir R Patel,M. El-Deiry,D. Shin,Xia He,N. Saba
Dongsheng Wang,S. Müller,A. Ruhul Amin,Donghai Huang,L. Su,Zhongliang Hu,M. Rahman,S. Nannapaneni,L. Koenig,Zhengjia Chen,M. Tighiouart,D. Shin
N. Saba,A. Dinasarapu,K. Magliocca,Bhakti Dwivedi,Sandra Seby,Z. Qin,Mihir R Patel,Christopher C. Griffith,Xu Wang,M. El-Deiry,C. Steuer,J. Kowalski,D. Shin,M. Zwick
M. Rahman,Pengfei Wang,Zhixiang Zhao,Dongsheng Wang,S. Nannapaneni,Chao Zhang,Zhengjia Chen,Christopher C. Griffith,S. Hurwitz,Yonggang Ke,D. Shin
R. Bommireddy,Luis E Munoz,A. Kumari,Lei Huang,Yijian Fan,Lenore Monterroza,C. Pack,S. Ramachandiran,Shaker J C Reddy,Janet Kim,N. Saba,D. Shin,P. Selvaraj
A. Anisuzzaman,A. Haque,D. Shin,A. Amin
A. Haque,M. Rahman,J. Fuchs,F. Khuri,D. Shin,A. Amin
A. Wieland,Mihir R Patel,Maria A Cardenas,C. Eberhardt,W. Hudson,Rebecca C. Obeng,Christopher C. Griffith,Xu Wang,H. Kissick,N. Saba,R. Ahmed
Han Wang,Zhongzheng Liu,D. Shin,Younghak Cho,Yong‐Joe Kim,A. Han
Ling Ma,G. Lu,Dongsheng Wang,X. Qin,B. Fei
D. Shin,J. Beitler,M. El-Deiry,C. Steuer,Amy Y. Chen,H. M. Baddour,S. Roser,K. Magliocca,Mihir R Patel,Christopher C. Griffith,A. Klein,T. Owonikoko,F. Khuri,S. Nannapaneni,N. Saba
Shuo Zhang,G. Qian,Qian-Qian Zhang,Yuying Yao,Dongsheng Wang,Li-jing Wang,Mingwei Chen,Shi-Yong Sun
S. Trivedi,Haocan Song,Yuan Liu,C. Steuer,W. Stokes,A. Kaka,Mihir R Patel,D. Shin,A. Aiken,J. Beitler,N. Saba
C. Pan,Jaemoo Chun,D. Li,A. Boese,Jie Li,Jihoon Kang,A. Umano,Yunhan Jiang,Lina Song,K. Magliocca,N. Saba,D. Shin,T. Owonikoko,S. Lonial,Lingtao Jin,Sumin Kang
C. Pan,Jaemoo Chun,D. Li,A. Boese,Jie Li,Jihoon Kang,A. Umano,Yunhan Jiang,Lina Song,K. Magliocca,N. Saba,D. Shin,T. Owonikoko,S. Lonial,Lingtao Jin,Sumin Kang
N. Saba,M. Haigentz,P. Bossi,A. Rinaldo,J. Rodrigo,A. Mäkitie,R. Takes,P. Strojan,J. Vermorken,A. Ferlito
Marta B. Bean,J. Switchenko,C. Steuer,Mihir R Patel,M. El-Deiry,K. Higgins,M. McDonald,J. Beitler,D. Shin,T. Gillespie,N. Saba
Shuo Zhang,G. Qian,Qian-Qian Zhang,Yuying Yao,Dongsheng Wang,Li-jing Wang,Mingwei Chen,Shi-Yong Sun
Michael Evans,H. Baddour,K. Magliocca,S. Müller,S. Nannapaneni,Amy Y. Chen,Sunjin Kim,Zhengjia Chen,D. Shin,A. Wang,N. Saba
M. Rahman,Pengfei Wang,Dongsheng Wang,S. Nannapaneni,S. Hurwitz,Yonggang Ke,D. Shin
C. Steuer,Christopher C. Griffith,S. Nannapaneni,Mihir R Patel,Yuan Liu,K. Magliocca,M. El-Deiry,C. Cohen,T. Owonikoko,D. Shin,N. Saba
M. Halicek,James V. Little,Xu Wang,Mihir R Patel,Christopher C. Griffith,M. El-Deiry,N. Saba,Amy Y. Chen,B. Fei
G. Lesinski,S. Nannapaneni,Christopher C. Griffith,Mihir B. Patel,Wanqi Chen,Zhengjia Chen,R. Ahmed,A. Wieland,D. Shin,N. Saba
Dongsheng Wang,Christopher C. Griffith,S. Nannapaneni,C. Steuer,Mihir R Patel,M. El-Deiry,Xu Wang,Yuzi Zhang,Zhengjia Chen,Diego Alvarado,D. Shin,N. Saba
Pengfei Wang,M. Rahman,Zhixiang Zhao,K. Weiss,Chao Zhang,Zhengjia Chen,S. Hurwitz,D. Shin,Yonggang Ke
Han Wang,Zhongzheng Liu,D. Shin,Younghak Cho,Yong‐Joe Kim,A. Han
Han Wang,Zhongzheng Liu,Dong M. Shin,Younghak Cho,Yong-Joe Kim,A. Han
S. Ramalingam,D. Shin
A. Anisuzzaman,A. Haque,Dongsheng Wang,M. Rahman,Chao Zhang,Zhengjia Chen,D. Shin,A. Amin
M. Rahman,Pengfei Wang,Zhixiang Zhao,Dongsheng Wang,S. Nannapaneni,C. Zhang,Zhengjia Chen,Christopher C. Griffith,S. Hurwitz,Yonggang Ke,D. Shin
Jia-hui Zhang,Yiming Huang,Dongsheng Wang,Alyssa C. Pollard,Eilaf Egap
M. Rahman,Pengfei Wang,Zhixiang Zhao,Dongsheng Wang,S. Nannapaneni,Chao Zhang,Zhengjia Chen,Christopher C. Griffith,S. Hurwitz,Yonggang Ke,D. Shin
M. Rahman,Pengfei Wang,Dongsheng Wang,S. Hurwitz,Zhengjia Chen,Yonggang Ke,D. Shin
Xu Wang,J. Beitler,Wen Huang,Guo Chen,G. Qian,K. Magliocca,Mihir R Patel,Amy Y. Chen,Jun Zhang,S. Nannapaneni,Sungjin Kim,Zhengjia Chen,Xingming Deng,N. Saba,J. Arbiser,D. Shin
A. Amin,A. Anisuzzaman,A. Haque,D. Shin
N. Saba,Sandra Seby,M. Rossi,K. Magliocca,Christopher C. Griffith,Xu Wang,Dongsheng Wang,Bhakti Dwivedi,Mihir R Patel,M. El-Deiry,C. Steuer,D. Shin,J. Kowalski
Zhixiang Zhao,M. Rahman,D. Shin
Rui Li,C. Ding,Jun Zhang,Maohua Xie,Dongkyoo Park,Ye Ding,Guo Chen,Guojing Zhang,Melissa Gilbert-Ross,W. Zhou,A. Marcus,Shi-Yong Sun,G. Sica,S. Ramalingam,A. Magis,H. Fu,F. Khuri,W. Curran,T. Owonikoko,D. Shin,Jia Zhou,Xingming Deng
Dongsheng Wang,K. Magliocca,S. Nannapaneni,C. Steuer,Mihir R Patel,M. El-Deiry,Xu Wang,Zhengjia Chen,D. Shin,N. Saba
C. Steuer,J. Switchenko,Christopher C. Griffith,Mihir R Patel,R. Cassidy,T. Gillespie,M. McDonald,K. Higgins,J. Beitler,T. Owonikoko,D. Shin,N. Saba
Rui Li,C. Ding,Jun Zhang,Maohua Xie,Dongkyoo Park,Ye Ding,Guo Chen,Guojing Zhang,Melissa Gilbert-Ross,W. Zhou,A. Marcus,Shi-Yong Sun,G. Sica,S. Ramalingam,A. Magis,H. Fu,F. Khuri,W. Curran,T. Owonikoko,D. Shin,Jia Zhou,Xingming Deng
Jun Zhang,S. Nannapaneni,Dongsheng Wang,Fakeng Liu,Xu Wang,R. Jin,Xiuju Liu,M. Rahman,Xianghong Peng,G. Qian,Kwok-Kin Wong,F. Khuri,Wei Zhou,D. Shin
Hongzhen Zhang,Sungjin Kim,Zhengjia Chen,S. Nannapaneni,Amy Y. Chen,C. Moore,G. Sica,M. Mosunjac,Minh Ly T Nguyen,G. D’Souza,T. Carey,Lisa A. Peterson,J. Mchugh,Martin P. Graham,Christine M. Komarck,G. Wolf,H. Walline,E. Bellile,J. Riddell,S. Pai,D. Sidransky,W. Westra,W. William,J. Lee,A. El-Naggar,R. Ferris,R. Seethala,J. Grandis,N. Saba,D. Shin
Ling Ma,G. Lu,Dongsheng Wang,Xu Wang,S. Muller,Amy Y. Chen,B. Fei
N. Saba,Yuxiang Wang,Hongpeng Fu,L. Koenig,F. Khuri,D. Shin
Moustafa R. K. Ali,M. Rahman,Yue Wu,Tiegang Han,Xianghong Peng,M. Mackey,Dongsheng Wang,H. Shin,Haopeng Xiao,Ronghu Wu,Yan Tang,D. Shin,M. El-Sayed
S. Nannapaneni,Christopher C. Griffith,Dongsheng Wang,Chao Zhang,K. Magliocca,Xu Wang,Zhengjia Chen,Mihir R Patel,C. Steuer,D. Shin,N. Saba
Sandra Seby,M. Rossi,K. Magliocca,Mihir R Patel,Christopher C. Griffith,C. Steuer,Xu Wang,M. El-Deiry,D. Shin,J. Kowalski,N. Saba
G. Qian,Dongsheng Wang,K. Magliocca,Zhongliang Hu,S. Nannapaneni,Sungjin Kim,Zhengjia Chen,Shi-Yong Sun,D. Shin,N. Saba
D. Majumdar,M. Rahman,D. Shin
Xu Wang,J. Beitler,Wen Huang,Guo Chen,S. Nannapaneni,N. Saba,Xingming Deng,D. Shin
G. N. Alesi,Lingtao Jin,D. Li,K. Magliocca,Yibin Kang,D. Shin,F. Khuri,Sumin Kang
Dongsheng Wang,G. Qian,Hongzhen Zhang,K. Magliocca,S. Nannapaneni,Zhengjia Chen,Mihir R Patel,M. El-Deiry,J. Wadsworth,D. Shin,F. Khuri,N. Saba
G. Lu,X. Qin,Dongsheng Wang,S. Muller,Hongzhen Zhang,Amy Y. Chen,B. Fei
Hyunkoo Chung,G. Lu,Zhiqiang Tian,Dongsheng Wang,B. Fei
R. Pike,G. Lu,Dongsheng Wang,B. Fei
Zhongliang Hu,G. Qian,S. Müller,Jing Xu,N. Saba,Sungjin Kim,Zhengjia Chen,Ning-Ning Jiang,Dongsheng Wang,Hongzhen Zhang,Kristin Lane,C. Hoyt,D. Shin
Dongsheng Wang,G. Qian,Hongzhen Zhang,K. Magliocca,S. Nannapaneni,A. Amin,M. Rossi,Mihir R Patel,M. El-Deiry,J. Wadsworth,Zhengjia Chen,F. Khuri,D. Shin,N. Saba
N. Saba,K. Magliocca,Mihir R Patel,C. Steuer,S. Newman,Hongzhen Zhang,M. El-Deiry,J. Wadsworth,J. Kowalski,D. Shin,M. Rossi
G. Qian,Zhongliang Hu,Hong Xu,S. Müller,Dongsheng Wang,Hongzhen Zhang,Sungjin Kim,Zhengjia Chen,N. Saba,D. Shin,A. Wang
C. Steuer,Christopher C. Griffith,Yuan Liu,K. Magliocca,Mihir R Patel,C. Cohen,T. Owonikoko,D. Shin,N. Saba
A. Anisuzzaman,A. Haque,D. Shin,A. Amin
Dongsheng Wang,S. Peng,A. Amin,M. Rahman,S. Nannapaneni,Yuan Liu,D. Shin,N. Saba,Jack F. Eichler
G. Lu,X. Qin,Dongsheng Wang,S. Muller,Hongzhen Zhang,Amy Y. Chen,B. Fei
G. Qian,Ning-Ning Jiang,Dongsheng Wang,Scott Newman,Sungjin Kim,Zhengjia Chen,G. Garcia,G. MacBeath,D. Shin,F. Khuri,N. Saba
A. Haque,M. Rahman,N. Saba,F. Khuri,D. Shin,A. Ruhul Amin
A. Anisuzzaman,A. Haque,M. Rahman,Dongsheng Wang,J. Fuchs,S. Hurwitz,Yuan Liu,G. Sica,F. Khuri,D. Shin,A. Amin
A. Haque,M. Rahman,N. Saba,F. Khuri,D. Shin,A. Ruhul Amin
Y. Oh,P. Yue,Dongsheng Wang,J. Tong,F. Khuri,Shi-Yong Sun
B. Han,Dongkyoo Park,Rui Li,Maohua Xie,T. Owonikoko,Guojing Zhang,G. Sica,C. Ding,Jia Zhou,A. Magis,D. Shin,S. Ramalingam,F. Khuri,W. Curran,Xingming Deng
A. Haque,M. Rahman,J. Fuchs,F. Khuri,D. Shin,A. Amin
G. Lu,X. Qin,Dongsheng Wang,B. Fei
A. Amin,P. Karpowicz,T. Carey,J. Arbiser,R. Nahta,Jin-Tang Dong,O. Kucuk,G. Khan,Gloria S. Huang,Shijun Mi,Ho-Yyoung Lee,J. Reichrath,K. Honoki,A. Georgakilas,A. Amedei,A. Amin,B. Helferich,C. Boosani,M. Ciriolo,Sophie S Chen,S. Mohammed,A. Azmi,W. Keith,D. Bhakta,D. Halicka,E. Niccolai,Hiromasa Fujii,K. Aquilano,S. Ashraf,S. Nowsheen,Xujuan Yang,A. Bilsland,D. Shin
Xu Wang,J. Beitler,Wen Huang,G. Qian,K. Magliocca,Jun Zhang,S. Nannapaneni,Sungjin Kim,Zhengjia Chen,Saba F. Nabil,J. Arbiser,D. Shin
A. Haque,M. Rahman,J. Fuchs,F. Khuri,D. Shin,A. Amin
N. Saba,Malania M. Wilson,G. Doho,Juliana DaSilva,R. Benjamin Isett,S. Newman,K. Magliocca,M. Rossi
Xianghong Peng,Megan A. Macke,H. Shin,S. Nannapaneni,N. Chen,Sungjin Kim,M. El-Sayed,D. Shin
G. Qian,Dongsheng Wang,K. Magliocca,P. Duggal,S. Nannapaneni,Sungjin Kim,Zhengjia Chen,D. Shin,N. Saba
G. Lu,Dongsheng Wang,X. Qin,Luma V. Halig,S. Muller,Hongzhen Zhang,Amy Y. Chen,B. Pogue,B. Fei
A. Amin,A. Haque,M. Rahman,F. Khuri,D. Shin
K. Patel,A. Asher,S. Burri,R. Fraser,S. Kandula,R. Press,Chao Zhang,C. Hadjipanayis,J. Olson,N. Oyesiku,W. Curran,H. Shu,I. Crocker,R. Prabhu
N. Saba,Dongsheng Wang,Guoquing Qian,Hongzhen Zhang,Mihir R Patel,M. El-Deiry,J. Wadsworth,K. Magliocca,S. Nannapaneni,D. Shin,F. Khuri
Zhongliang Hu,S. Müller,G. Qian,Jing Xu,Sungjin Kim,Zhengjia Chen,Ning-Ning Jiang,Dongsheng Wang,Hongzhen Zhang,N. Saba,D. Shin
M. Rahman,A. Amin,Jun Zhang,S. Nannapaneni,N. Saba,D. Shin
G. Lu,X. Qin,Dongsheng Wang,B. Fei
A. Jani,E. Schreibmann,P. Rossi,J. Shelton,K. Godette,P. Nieh,V. Master,O. Kucuk,M. Goodman,R. Halkar,S. Cooper,D. Schuster
N. Saba,S. Newman,M. Rossi,C. Steuer,Hongzhen Zhang,Mihir R Patel,J. Wadsworth,M. El-Deiry,K. Magliocca,T. Owonikoko,F. Khuri,D. Shin
N. Saba,M. Rossi,Bhakti Dwivedi,J. Switchenko,K. Magliocca,S. Ramalingam,T. Owonikoko,F. Khuri,J. Kowalski,D. Shin
N. Saba,K. Magliocca,Sungjin Kim,S. Muller,Zhengjia Chen,T. Owonikoko,N. Sarlis,Carrie M. Eggers,Vanessa Phelan,W. Grist,Amy Y. Chen,S. Ramalingam,J. Beitler,D. Shin,F. Khuri,A. Marcus
Xu Wang,X. Qian,J. Beitler,Jun Zhang,Hyunseok Kang,K. Magliocca,Xiaojing Wang,Zhengjia Chen,S. Nie,D. Shin
Ning-Ning Jiang,Dongsheng Wang,Zhongliang Hu,H. Shin,G. Qian,M. Rahman,Hongzhen Zhang,A. Amin,S. Nannapaneni,Xiaojingwang,Zhengjia Chen,G. Garcia,GavinMacBeath,D. Shin,F. Khuri,Junma,N. Saba
Xu Wang,J. Beitler,Hong Wang,M. Lee,Wen Huang,L. Koenig,S. Nannapaneni,A. Amin,M. Bonner,H. Shin,J. Arbiser,D. Shin
K. Patel,Jing Wen,K. Magliocca,S. Muller,Yuan Liu,N. Saba,R. Díaz
G. Qian,Hong Xu,Zhongliang Hu,Sungjin Kim,Dongsheng Wang,Hongzhen Zhang,Zhengjia Chen,S. Muller,N. Saba,D. Shin,A. Wang
Dongsheng Wang,X. Qin,G. Qian,Luma V. Halig,B. Fei,Zhengjia Chen,N. Saba,D. Shin,Hong Xu,A. Wang
A. Haque,M. Rahman,D. Shin,A. Amin
Hongzhen Zhang,Sungjin Kim,Zhengjia Chen,S. Nannapaneni,G. Sica,T. Carey,W. William,M. Nguyen,J. Riddell,S. Pai,H. Walline,J. Lee,G. Wolf,J. Grandis,R. Ferris,D. Shin
Shijun Zhu,T. Moore,Nao Morii,R. Howard,D. Culver,R. Arrendale,Prabhakar Reddy,Taylor J. Evers,Hongzhen Zhang,G. Sica,Aiming Sun,H. Fu,F. Khuri,D. Shin,J. Snyder,M. Shoji
D. Majumdar,Kyung-Ho Jung,Hongzhen Zhang,S. Nannapaneni,Xu Wang,A. Amin,Zhengjia Chen,D. Shin
G. Lu,Luma V. Halig,Dongsheng Wang,X. Qin,B. Fei
R. Pike,Samuel K. Patton,G. Lu,Luma V. Halig,Dongsheng Wang,B. Fei
D. Shin,Bhakti Dwivedi,R. Amin,A. Haque,N. Saba,M. Rossi,J. Kowalski
N. Jiang,Dongsheng Wang,Zhongliang Hu,H. Shin,G. Qian,M. Rahman,Hongzhen Zhang,A. Amin,S. Nannapaneni,Xiaojing Wang,Zhengjia Chen,G. Garcia,G. MacBeath,D. Shin,F. Khuri,Jun Ma,N. Saba
T. Owonikoko,Adeniyi K. Busari,Sungjin Kim,D. Alexis,E. Somers,D. O'Shannessy,S. Ramalingam,F. Khuri,G. Sica
G. Lu,Luma V. Halig,Dongsheng Wang,B. Fei
Jun Zhang,Dongsheng Wang,G. Qian,Fakeng Liu,M. Rahman,S. Nannapaneni,Xu Wang,Xianghong Peng,Kwok-Kin Wong,F. Khuri,Wei Zhou,D. Shin
N. Jiang,Na Liu,Fan Yang,Qiming Zhou,Rui-xue Cui,Wei Jiang,Qingmei He,Wen-Fei Li,Ying Guo,J. Zeng,J. Yun,Xinchun Chen,Boping Zhou,Ying Sun,Hui-Yun Wang,Jun Ma
Stephen Mobley,Sunil Yalamanchili,Hongzhen Zhang,R. Marullo,C. Moreno,Dong-Myung Shin,P. Doetsch,W. Hunt
Dongsheng Wang,B. Fei,Luma V. Halig,X. Qin,Zhongliang Hu,Hong Xu,Y. Wang,Zhengjia Chen,Sungjin Kim,D. Shin
N. Saba,Guoquing Qian,J. Ning,Sungjin Kim,Zhengjia Chen,G. Garcia,G. MacBeath,D. Shin,F. Khuri
G. Lu,Luma V. Halig,Dongsheng Wang,B. Fei
A. Amin,A. Haque,M. Rahman,J. Fuchs,D. Shin
M. Rahman,A. Amin,Xianghong Peng,Jun Zhang,D. Shin
N. Saba,S. Hurwitz,S. Kono,Chung S. Yang,Yang Zhao,Zhengjia Chen,G. Sica,S. Müller,Rachel Moreno-Williams,Melinda Lewis,William L. Grist,Amy Y. Chen,C. Moore,T. Owonikoko,S. Ramalingam,J. Beitler,S. Nannapaneni,H. Shin,J. Grandis,F. Khuri,D. Shin
W. Park,A. Amin,D. Shin
Dong-Myung Shin,Hongzhen Zhang,N. Saba,Amy Y. Chen,S. Nannapaneni,A. M. Ruhul,Amin,M. Susan,uller,Melinda Lewis,G. Sica,S. Kono,J. Brandes,W. Grist,Rachel Moreno-Williams,J. Beitler,Su,M. Thomas,Zhengjia Chen,H. Shin,J. Grandis,F. Khuri
Xiaodong Sun,Jie Li,G. Sica,S. Fan,Yuxiang Wang,Zhengjia Chen,S. Muller,Xiaoying Fu,Xueyuan Dong,P. Guo,D. Shin,Jin-Tang Dong
Zhongliang Hu,Ning-Ning Jiang,S. Muller,N. Saba,Dongsheng Wang,Hongzhen Zhang,D. Shin
D. Shin,Hongzhen Zhang,N. Saba,Amy Y. Chen,S. Nannapaneni,A. Amin,S. Müller,Melinda Lewis,G. Sica,S. Kono,J. Brandes,W. Grist,Rachel Moreno-Williams,J. Beitler,S. Thomas,Zhengjia Chen,H. Shin,J. Grandis,F. Khuri
M. Rahman,A. Amin,S. Nannapaneni,Zhongliang Hu,Hyunseok Kang,D. Shin
M. Rahman,A. Amin,Dongsheng Wang,L. Koenig,S. Nannapaneni,Zhengjia Chen,Zhibo Wang,G. Sica,Xingming Deng,D. Shin
A. Amin,M. Rahman,Dongsheng Wang,F. Khuri,J. Fuchs,D. Shin
Rui Li,Zhongliang Hu,Shi-Yong Sun,T. Owonikoko,G. Sica,S. Ramalingam,W. Curran,F. Khuri,Xingming Deng
Rui Li,Shuo You,Zhongliang Hu,G. Sica,F. Khuri,W. Curran,D. Shin,Xingming Deng
Lingtao Jin,D. Li,Jong Seok Lee,G. N. Alesi,Jun Fan,Hee-Bum Kang,Dongsheng Wang,H. Fu,J. Taunton,T. Boggon,M. Tucker,T. Gu,D. Shin,F. Khuri,Sumin Kang
Chinar D. Sanghvi,Pauline M Olsen,Catherine C Elix,S. Peng,Dongsheng Wang,D. Shin,K. Hardcastle,C. MacBeth,Jack F. Eichler
D. Li,Lingtao Jin,G. N. Alesi,Young-Mee Kim,Jun Fan,J. Seo,Dongsheng Wang,M. Tucker,T. Gu,Benjamin H. Lee,J. Taunton,K. Magliocca,D. Shin,F. Khuri,Sumin Kang
Hyunseok Kang,Jing Huang,Xianghong Peng,H. Mao,D. Shin
S. Fan,S. Müller,Pan Lin,M. Tighiouart,D. Shin,F. Khuri,Shi-Yong Sun
Luma V. Halig,Dongsheng Wang,A. Wang,B. Fei
Lingtao Jin,D. Li,Jong Seok Lee,Shannon E Elf,G. N. Alesi,Jun Fan,Hee-Bum Kang,Dongsheng Wang,H. Fu,J. Taunton,T. Boggon,M. Tucker,T. Gu,D. Shin,F. Khuri,Sumin Kang
M. Rahman,A. Amin,Dongsheng Wang,L. Koenig,S. Nannapaneni,Zhengjia Chen,Zhibo Wang,G. Sica,Xingming Deng,D. Shin
Xu Wang,X. Qian,J. Beitler,F. Khuri,M. Lewis,H. Shin,S. Nie,D. Shin
D. Li,Lingtao Jin,G. N. Alesi,Youngmee Kim,Dongsheng Wang,Benjamin H. Lee,J. Taunton,K. Magliocca,Sumin Kang
M. Rahman,A. Amin,Xu Wang,J. Zuckerman,C. H. J. Choi,Bingsen Zhou,Dongsheng Wang,S. Nannapaneni,L. Koenig,Zhengjia Chen,Y. Yen,Mark E. Davis,D. Shin
Dongsheng Wang,M. Susan,uller,A. Amin,Donghai Huang,L. Su,Zhongliang Hu,M. Rahman,S. Nannapaneni,L. Koenig,Zhengjia Chen,M. Tighiouart,D. Shin
Qun Zhao,Luning Wang,Rui Cheng,L. Mao,R. Arnold,E. Howerth,S. Platt
S. Hurwitz,Hongzhen Zhang,Sujin Yun,T. Batuwangala,M. Steward,S. Holmes,Daniel J. Rycroft,L. Pan,M. Tighiouart,H. Shin,L. Koenig,Yuxiang Wang,D. Shin
Shijun Zhu,T. Moore,Xiaoqian Lin,Nao Morii,A. Mancini,R. Howard,D. Culver,R. Arrendale,Prabhakar Reddy,Taylor J. Evers,Hongzhen Zhang,G. Sica,Aiming Sun,H. Fu,F. Khuri,D. Shin,J. Snyder,M. Shoji
D. Shin,A. Amin,Dongsheng Wang,M. Rahman,S. Nannapaneni,F. Khuri
Dongsheng Wang,S. Muller,A. Amin,Donghai Huang,L. Su,Z. Su,M. Rahman,S. Nannapaneni,L. Koenig,M. Tighiouart,D. Shin
M. Rahman,A. Amin,L. Koenig,S. Nannapaneni,D. Shin
Yikun Li,S. Fan,Junghui Koo,P. Yue,T. Owonikoko,S. Ramalingam,F. Khuri,Shi-Yong Sun
H. Akbari,Luma V. Halig,Hongzhen Zhang,Dongsheng Wang,B. Fei
Hyunseok Kang,Jing Huang,H. Mao,Xianghong Peng,D. Shin
Dongsheng Wang,S. Müller,A. Amin,Donghai Huang,L. Su,Zhongliang Hu,M. Rahman,S. Nannapaneni,L. Koenig,Zhengjia Chen,M. Tighiouart,D. Shin
Hongzhen Zhang,Sujin Yun,T. Batuwangala,M. Steward,Steve D. Holmes,L. Pan,M. Tighiouart,H. Shin,L. Koenig,W. Park,Daniel J. Rycroft,S. Nannapaneni,Yuxiang Wang,D. Shin
A. Amin,M. Rahman,Dongsheng Wang,F. Khuri,D. Shin
Ning-Ning Jiang,N. Saba
Dongsheng Wang,M. Susan,uller,A. Amin,Donghai Huang,L. Su,Zhongliang Hu,M. Rahman,S. Nannapaneni,L. Koenig,Zhengjia Chen,M. Tighiouart,D. Shin
J. Xu,S. Müller,S. Nannapaneni,L. Pan,Yuxiang Wang,Xianghong Peng,Dongsheng Wang,M. Tighiouart,Zhengjia Chen,N. Saba,J. Beitler,D. Shin
J. Beitler,Xu Wang,X. Qian,Hong Wang,F. Khuri,S. Nie,D. Shin
Dongsheng Wang,Zhongliang Hu,L. Koenig,S. Nannapaneni,D. Shin
Shumin M. Zhang,Xu Wang,S. Iqbal,Yanru Wang,A. Osunkoya,Zhengjia Chen,D. Shin,H. Yuan,Yongqiang A. Wang,H. Zhau,L. Chung,C. Ritenour,Omer Kucuk,Daqing Wu
Xu Wang,J. Beitler,H. Hong,M. Lee,Zhengjia Chen,L. Koenig,A. Amin,J. Arbiser,D. Shin
Xu Wang,X. Qian,J. Beitler,F. Khuri,M. Lewis,H. Shin,S. Nie,D. Shin
A. Amin,Kyung-Ho Jung,Dongsheng Wang,J. Arbiser,D. Shin
Dongsheng Wang,L. Su,Donghai Huang,Hongzhen Zhang,D. Shin
Xu Wang,Jun Li,Yuxiang Wang,L. Koenig,A. Gjyrezi,P. Giannakakou,Edwin H Shin,M. Tighiouart,S. Nie,D. Shin
M. Rahman,A. Amin,Mark E. Davis,D. Shin
Shumin M. Zhang,Xu Wang,A. Osunkoya,S. Iqbal,S. Müller,Zhengjia Chen,S. Josson,Ilsa M. Coleman,P. Nelson,Yongqiang A. Wang,R. Wang,D. Shin,F. Marshall,O. Kucuk,L. Chung,H. Zhau,Daqing Wu
Xianghong Peng,Yiqing Wang,Donghai Huang,Yuxiang Wang,H. Shin,Zhengjia Chen,Michael B. Spewak,H. Mao,Xu Wang,Ying Wang,S. Nie,D. Shin
Xiaodong Sun,Jie Li,G. Sica,S. Fan,Yuxiang Wang,Zhengjia Chen,S. Muller,D. Shin,Jin-Tang Dong
Erik R. Kline,S. Muller,L. Pan,M. Tighiouart,A. Marcus
A. Amin,Michelle J Lee,M. Rahman,J. Fuchs,D. Shin
Tae-Wook Chung,T. Hitosugi,Jun Fan,Xu Wang,T. Gu,J. Roesel,T. Boggon,F. Khuri,Sumin Kang,J. Chen
Xu Wang,Jun Li,Yuxiang Wang,L. Koenig,A. Gjyrezi,P. Giannakakou,Edwin H Shin,M. Tighiouart,S. Nie,D. Shin
Jing Xu,Donghai Huang,Yuxiang Wang,C. Hoyt,Xianghong Peng,Dongsheng Wang,Hongzhen Zhang,D. Shin
Jun Fan,T. Hitosugi,Tae-Wook Chung,Xu Wang,T. Gu,J. Roesel,T. Boggon,F. Khuri,Sumin Kang,J. Chen
Alexander N. Wein,A. Stockhausen,K. Hardcastle,M. R. Saadein,S. Peng,Dongsheng Wang,D. Shin,Jack F. Eichler
A. Amin,Dongsheng Wang,Hongzhen Zhang,S. Peng,L. Koenig,J. Brandes,Tighiouart Mourad,F. Khuri,D. Shin
Sumin Kang,Shannon E Elf,Katherine Lythgoe,T. Hitosugi,J. Taunton,Wei Zhou,L. Xiong,Dongsheng Wang,S. Muller,S. Fan,Shi-Yong Sun,A. Marcus,T. Gu,R. Polakiewicz,F. Khuri,D. Shin,J. Chen
A. Amin,Dongsheng Wang,Hongzhen Zhang,S. Peng,H. Shin,J. Brandes,M. Tighiouart,F. Khuri,D. Shin
M. Rahman,A. Amin,Xu Wang,Dongsheng Wang,Mark E. Davis,Bingsen Zhou,Y. Yen,D. Shin
Hyun Soo Kim,Younghak Cho,A. B. Frazier,D. Shin,A. Han
Shannon E Elf,Katherine Lythgoe,T. Hitosugi,J. Taunton,Wei Zhou,L. Xiong,Dongsheng Wang,S. Muller,S. Fan,Shi-Yong Sun,F. Khuri,J. Chen,D. Shin,Sumin Kang
Xu Wang,X. Qian,J. Beitler,S. Nie,D. Shin
S. Nannapaneni,S. Muller,N. Saba,M. Tighiouart,L. Pan,D. Shin
Yuxiang Wang,Donghai Huang,Hongpeng Fu,Dongsheng Wang,L. Koenig,F. Khuri,D. Shin
Dongsheng Wang,Yuxiang Wang,A. Amin,L. Su,S. Muller,Donghai Huang,S. Nannapaneni,L. Koenig,Zhengjia Chen,L. Pan,M. Tighiouart,D. Shin
N. Saba,S. Muller,Amy Y. Chen,W. Grist,K. Gibson,S. Nannapaneni,Chung S. Yang,F. Khuri,D. Shin
Donghai Huang,Xianghong Peng,L. Su,Dongsheng Wang,F. Khuri,D. Shin

A. Amin,F. Khuri,D. Shin

N. Saba,Xu Wang,S. Müller,M. Tighiouart,Kwangjae Cho,S. Nie,D. Shin
Carmen M. Klass,Mison Choe,S. Hurwitz,M. Tighiouart,Xin Zhang,D. Shin
Xu Wang,Yiqing Wang,D. Shin
Xu Wang,Jun Li,Yiqing Wang,Kwangjae Cho,G. Kim,A. Gjyrezi,L. Koenig,P. Giannakakou,H. Shin,M. Tighiouart,S. Nie,D. Shin
Xu Wang,Yiqing Wang,Jun Li,S. Nannapaneni,M. Tighiouart,S. Nie,D. Shin
Donghai Huang,L. Su,Xianghong Peng,Hongzhen Zhang,F. Khuri,D. Shin
Yuhong Du,J. Zhao,D. Shin,Fadlo R. Khui,H. Fu
Yuhong Du,Zijian Li,Lian Li,Shi-Yong Sun,P. Chen,D. Shin,F. Khuri,H. Fu
Hongzhen Zhang,Sujin Yun,T. Batuwangala,M. Steward,L. Pan,M. Tighiouart,D. Shin
N. Saba,Misun Choi,S. Muller,H. Shin,M. Tighiouart,V. Papadimitrakopoulou,A. El-Naggar,F. Khuri,D. Shin
Sujin Yun,Hongzhen Zhang,S. Nannapaneni,M. Steward,T. Batuwangala,M. Tighiouart,S. Hurwitz,D. Shin
Kwangjae Cho,Xu Wang,S. Nie,D. Shin
A. Amin,Xin Zhang,F. Khuri,D. Shin
K. Kong,Yachna Sharma,S. H. Raza,S. Muller,May D Wang
Xu Wang,Lily Yang,D. Shin
Xin Zhang,Hongzhen Zhang,M. Tighiouart,John E. Lee,H. Shin,F. Khuri,Chung S. Yang,D. Shin
S. Muller,L. Su,M. Tighiouart,N. Saba,Hongzhen Zhang,D. Shin
Yachna Sharma,S. H. Raza,K. Kong,Qaiser Chaudry,S. Muller,A. Young,May D Wang
Xianghong Peng,X. Qian,H. Mao,A. Wang,S. Nie,D. Shin
Mark E. Davis,D. Shin
Y. Yoon,Zhongxing Liang,Xin Zhang,Mison Choe,Aizhi Zhu,Heidi T Cho,D. Shin,M. Goodman,H. Shim
Xu Wang,Kwangjae Cho,J. Arbiser,D. Shin
Mison Choe,C. Klass,Xin Zhang,D. Shin
Xin Zhang,J. Hunt,D. Shin
Yidan Lin,Xiangguo Liu,P. Yue,S. Lonial,D. Shin,F. Khuri,Shi-Yong Sun

Xin Zhang,Fadlo R. Khuri,D. Shin
Xin Zhang,F. Khuri,D. Shin
N. Saba,D. Shin
Hongzhen Zhang,Sujie Ling,H. Shin,S. Muller,M. Tighiouart,Zhiheng Xu,Xin Zhang,J. Hunt,D. Shin
Xin Zhang,John E. Lee,M. Tighiouart,H. Shin,F. Khuri,D. Shin
Xin Zhang,L. Su,A. Pirani,Haiyan Wu,Hongzhen Zhang,D. Shin,K. Gernert
Haiyan Wu,Xin Zhang,Mison Choe,A. Pirani,K. Gernert,D. Shin
Mison Choe,Xin Zhang,H. Shin,D. Shin
Xin Zhang,Mison Choe,Yan Lin,Shi-Yong Sun,H. Wieand,H. Shin,Amy Chen,F. Khuri,D. Shin
Jun Wang,Xin Zhang,S. Thomas,J. Grandis,A. Wells,R. Ferris
Xin Zhang,Mison Choe,John E. Lee,F. Khuri,D. Shin
Xin Zhang,Mengfeng Li,Zhiqiang Wang,H. Wieand,J. Grandis,D. Shin
Kun Zhang,Xin Zhang,Xiao H. Yuan,Zhenyu Yuan,Li Jin,M. Xiong
Xin Zhang,J. Hunt,D. Landsittel,S. Muller,K. Adler‐Storthz,R. Ferris,D. Shin
Xin Zhang,Yanna Liu,M. Gilcrease,Xiao H. Yuan,G. Clayman,K. Adler‐Storthz
Ning-Ning Jiang,N. Saba
G. Qian,Ning-Ning Jiang,Dongsheng Wang,S. Newman,Sungjin Kim,Zhengjia Chen,G. Garcia,G. MacBeath,D. Shin,F. Khuri,N. Saba
Rui Li,Shuo You,Zhongliang Hu,G. Sica,F. Khuri,W. Curran,D. Shin,Xingming Deng
