Xiaoqiang Wang,Yanqing Liu,Jinyu Li,Sheng Zhao
Chengyi Wang,Sanyuan Chen,Yu Wu,Zi-Hua Zhang,Long Zhou,Shujie Liu,Zhuo Chen,Yanqing Liu,Huaming Wang,Jinyu Li,Lei He,Sheng Zhao,Furu Wei
Jian Wu,Zhuo Chen,Min Hu,Xiong Xiao,Jinyu Li
Xiaoqiang Wang,Yanqing Liu,Jinyu Li,Veljko Miljanic,Sheng Zhao,H. Khalil
Ruchao Fan,Yiming Wang,Yashesh Gaur,Jinyu Li
Zhuo Chen,Naoyuki Kanda,Jian Wu,Yu Wu,Xiaofei Wang,Takuya Yoshioka,Jinyu Li,S. Sivasankaran,S. Eskimez
Junyi Ao,Zi-Hua Zhang,Long Zhou,Shujie Liu,Haizhou Li,Tom Ko,Lirong Dai,Jinyu Li,Yao Qian,Furu Wei
Ziqiang Zhang,Junyi Ao,Shujie Liu,Furu Wei,Jinyu Li
Peidong Wang,Eric Sun,Jian Xue,Yu Wu,Long Zhou,Yashesh Gaur,Shujie Liu,Jinyu Li
Sanyuan Chen,Yu Wu,Chengyi Wang,Shujie Liu,Zhuo Chen,Peidong Wang,Gang Liu,Jinyu Li,Jian Wu,Xiangzhan Yu,Furu Wei
Jian Xue,Peidong Wang,Jinyu Li,Matt Post,Yashesh Gaur
Jian Xue,Peidong Wang,Jinyu Li,Eric Sun
Zi-Hua Zhang,Long Zhou,Junyi Ao,Shujie Liu,Lirong Dai,Jinyu Li,Furu Wei
Yashesh Gaur,Nick Kibre,Jian Xue,Kangyuan Shu,Yuhui Wang,Issac Alphonso,Jinyu Li,Y. Gong
Chengyi Wang,Yiming Wang,Yu Wu,Sanyuan Chen,Jinyu Li,Shujie Liu,Furu Wei
Qiu-shi Zhu,Long Zhou,Zi-Hua Zhang,Shujie Liu,Binxing Jiao,J. Zhang,Lirong Dai,Daxin Jiang,Jinyu Li,Furu Wei
Naoyuki Kanda,Jian Wu,Xiaofei Wang,Zhuo Chen,Jinyu Li,Takuya Yoshioka
Rui Zhao,Jian Xue,P. Parthasarathy,Veljko Miljanic,Jinyu Li
Naoyuki Kanda,Jian Wu,Yu Wu,Xiong Xiao,Zhong Meng,Xiaofei Wang,Yashesh Gaur,Zhuo Chen,Jinyu Li,Takuya Yoshioka
Ruchao Fan,Guoli Ye,Yashesh Gaur,Jinyu Li
Desh Raj,Liang Lu,Zhuo Chen,Yashesh Gaur,Jinyu Li
Kun Wei,Long Zhou,Zi-Hua Zhang,Liping Chen,Shujie Liu,Lei He,Jinyu Li,Furu Wei
Zili Huang,Zhuo Chen,Naoyuki Kanda,Jian Wu,Yiming Wang,Jinyu Li,Takuya Yoshioka,Xiaofei Wang,Peidong Wang
Muqiao Yang,Naoyuki Kanda,Xiaofei Wang,Jian Wu,S. Sivasankaran,Zhuo Chen,Jinyu Li,Takuya Yoshioka
Liang Lu,Jinyu Li,Yifan Gong
Zi-Hua Zhang,Sanyuan Chen,Long Zhou,Yu Wu,Shuo Ren,Shujie Liu,Zhuoyuan Yao,Xun Gong,Lirong Dai,Jinyu Li,Furu Wei
Xun Gong,Yu Wu,Jinyu Li,Shujie Liu,Rui Zhao,Xie Chen,Y. Qian
Naoyuki Kanda,Jian Wu,Yu Wu,Xiong Xiao,Zhong Meng,Xiaofei Wang,Yashesh Gaur,Zhuo Chen,Jinyu Li,Takuya Yoshioka
Sanyuan Chen,Yu Wu,Zhuo Chen,Jian Wu,Takuya Yoshioka,Shujie Liu,Jinyu Li,Xiangzhan Yu
Liang Lu,Naoyuki Kanda,Jinyu Li,Y. Gong
Junyi Ao,Rui Wang,Long Zhou,Shujie Liu,Shuo Ren,Yu Wu,Tom Ko,Qing Li,Yu Zhang,Zhihua Wei,Yao Qian,Jinyu Li,Furu Wei
Chengyi Wang,Yu Wu,Sanyuan Chen,Shujie Liu,Jinyu Li,Yao Qian,Zhenglu Yang
Yan Huang,Guoli Ye,Jinyu Li,Y. Gong
Sanyuan Chen,Chengyi Wang,Zhengyang Chen,Yu Wu,Shujie Liu,Zhuo Chen,Jinyu Li,Naoyuki Kanda,Takuya Yoshioka,Xiong Xiao,Jian Wu,Long Zhou,Shuo Ren,Y. Qian,Yao Qian,Micheal Zeng,Furu Wei
Zhong Meng,Naoyuki Kanda,Yashesh Gaur,S. Parthasarathy,Eric Sun,Liang Lu,Xie Chen,Jinyu Li,Y. Gong
Xie Chen,Zhong Meng,S. Parthasarathy,Jinyu Li
Liang Lu,Zhong Meng,Naoyuki Kanda,Jinyu Li,Y. Gong
Chengyi Wang,Yu Wu,Shujie Liu,Jinyu Li,Yao Qian,K. Kumatani,Furu Wei
Yixuan Zhang,Zhuo Chen,Jian Wu,Takuya Yoshioka,Peidong Wang,Zhong Meng,Jinyu Li
Xiaoqiang Wang,Yanqing Liu,Sheng Zhao,Jinyu Li
Long Zhou,Jinyu Li,Eric Sun,Shujie Liu
Jian Wu,Zhuo Chen,Sanyuan Chen,Yu Wu,Takuya Yoshioka,Naoyuki Kanda,Shujie Liu,Jinyu Li
Eric Sun,Jinyu Li,Zhong Meng,Yu Wu,Jian Xue,Shujie Liu,Yifan Gong
Vikas Joshi,Amit Das,Eric Sun,Rupeshkumar Mehta,Jinyu Li,Yifan Gong
Zhong Meng,Yu Wu,Naoyuki Kanda,Liang Lu,Xie Chen,Guoli Ye,Eric Sun,Jinyu Li,Y. Gong
Yan Deng,Rui Zhao,Zhong Meng,Xie Chen,Bing Liu,Jinyu Li,Yifan Gong,Lei He
Chenda Li,Yi Luo,Cong Han,Jinyu Li,Takuya Yoshioka,Tianyan Zhou,Marc Delcroix,K. Kinoshita,Christoph Böddeker,Y. Qian,Shinji Watanabe,Zhuo Chen
Zhong Meng,Yashesh Gaur,Naoyuki Kanda,Jinyu Li,Xie Chen,Yu Wu,Yifan Gong
Heming Wang,Yao Qian,Xiaofei Wang,Yiming Wang,Chengyi Wang,Shujie Liu,Takuya Yoshioka,Jinyu Li,Deliang Wang
Jinyu Li
Rui Zhao,Jian Xue,Jinyu Li,Wenning Wei,Lei He,Y. Gong
Guoli Ye,V. Mazalov,Jinyu Li,Y. Gong
Yiming Wang,Jinyu Li,Heming Wang,Yao Qian,Chengyi Wang,Yu Wu
J. H. M. Wong,D. Dimitriadis,K. Kumatani,Yashesh Gaur,George Polovets,P. Parthasarathy,Eric Sun,Jinyu Li,Yifan Gong
Sanyuan Chen,Yu Wu,Chengyi Wang,Zhengyang Chen,Zhuo Chen,Shujie Liu,Jian Wu,Yao Qian,Furu Wei,Jinyu Li,Xiangzhan Yu
Desh Raj,Pavel Denisov,Zhuo Chen,Hakan Erdogan,Zili Huang,Maokui He,Shinji Watanabe,Jun Du,Takuya Yoshioka,Yi Luo,Naoyuki Kanda,Jinyu Li,Scott Wisdom,J. Hershey
Wangyou Zhang,Zhuo Chen,Naoyuki Kanda,Shujie Liu,Jinyu Li,S. Eskimez,Takuya Yoshioka,Xiong Xiao,Zhong Meng,Y. Qian,Furu Wei
H. Inaguma,Yashesh Gaur,Liang Lu,Jinyu Li,Y. Gong
P. Bell,Joachim Fainberg,Ondrej Klejch,Jinyu Li,S. Renals,P. Swietojanski
Xie Chen,Yu Wu,Zhenghao Wang,Shujie Liu,Jinyu Li
Yan Huang,Jinyu Li,Lei He,Wenning Wei,W. Gale,Y. Gong
J. H. M. Wong,Yashesh Gaur,Rui Zhao,Liang Lu,Eric Sun,Jinyu Li,Y. Gong
Liang Lu,Naoyuki Kanda,Jinyu Li,Y. Gong
kenichi-kumatani,D. Dimitriadis,Yashesh Gaur,R. Gmyr,S. Eskimez,Jinyu Li,Michael Zeng
Sanyuan Chen,Yu Wu,Zhuo Chen,Jinyu Li,Chengyi Wang,Shujie Liu,M. Zhou
Zhong Meng,Hu Hu,Jinyu Li,Changliang Liu,Yan Huang,Y. Gong,Chin-Hui Lee
Liang Lu,Changliang Liu,Jinyu Li,Y. Gong
Jinyu Li,Rui Zhao,Zhong Meng,Yanqing Liu,Wenning Wei,S. Parthasarathy,V. Mazalov,Zhenghao Wang,Lei He,Sheng Zhao,Y. Gong
Chengyi Wang,Yu Wu,Shujie Liu,Jinyu Li,Liang Lu,Guoli Ye,Ming Zhou
P. Bell,Joachim Fainberg,Ondrej Klejch,Jinyu Li,S. Renals,P. Swietojanski
Yan Huang,Lei He,Wenning Wei,W. Gale,Jinyu Li,Y. Gong
Hu Hu,Rui Zhao,Jinyu Li,Liang Lu,Y. Gong
Jinyu Li,Rui Zhao,Eric Sun,J. H. M. Wong,Amit Das,Zhong Meng,Y. Gong
Desh Raj,Pavel Denisov,Zhuo Chen,Hakan Erdogan,Zili Huang,Maokui He,Shinji Watanabe,Jun Du,Takuya Yoshioka,Yi Luo,Naoyuki Kanda,Jinyu Li,Scott Wisdom,J. Hershey
Chengyi Wang,Yu Wu,Shujie Liu,Jinyu Li,Liang Lu,Guoli Ye,Ming Zhou
Shahram Ghorbani,Yashesh Gaur,Yu Shi,Jinyu Li
K. Kumatani,D. Dimitriadis,Yashesh Gaur,R. Gmyr,S. Eskimez,Jinyu Li,Michael Zeng
Zhuo Chen,Takuya Yoshioka,Liang Lu,Tianyan Zhou,Zhong Meng,Yi Luo,Jian Wu,Jinyu Li
Zhong Meng,S. Parthasarathy,Eric Sun,Yashesh Gaur,Naoyuki Kanda,Liang Lu,Xie Chen,Rui Zhao,Jinyu Li,Y. Gong
Xiong Xiao,Naoyuki Kanda,Zhuo Chen,Tianyan Zhou,Takuya Yoshioka,Sanyuan Chen,Yong Zhao,Gang Liu,Yu Wu,Jian Wu,Shujie Liu,Jinyu Li,Y. Gong
Jinyu Li,Yu Wu,Yashesh Gaur,Chengyi Wang,Rui Zhao,Shujie Liu
Jinyu Li,Dong Yu
Vikas Joshi,Rui Zhao,Rupeshkumar Mehta,Kshitiz Kumar,Jinyu Li
Jian Wu,Zhuo Chen,Jinyu Li,Takuya Yoshioka,Zhili Tan,Ed Lin,Yi Luo,Lei Xie
Peidong Wang,Zhuo Chen,Deliang Wang,Jinyu Li,Y. Gong
Sanyuan Chen,Yu Wu,Zhuo Chen,Takuya Yoshioka,Shujie Liu,Jinyu Li
Jinyu Li,Rui Zhao,Hu Hu,Y. Gong
Amit Das,Jinyu Li,Y. Gong,Chan-Lin Lu
Zhong Meng,Jinyu Li,Y. Gong
Zhong Meng,Yong Zhao,Jinyu Li,Y. Gong
Chengyi Wang,Yu Wu,Yujiao Du,Jinyu Li,Shujie Liu,Liang Lu,Shuo Ren,Guoli Ye,Sheng Zhao,Ming Zhou
Peidong Wang,Zhuo Chen,Xiong Xiao,Zhong Meng,Takuya Yoshioka,Tianyan Zhou,Liang Lu,Jinyu Li
Jinyu Li,Liang Lu,Changliang Liu,Y. Gong
Tianyan Zhou,Yong Zhao,Jinyu Li,Y. Gong,Jian Wu
Ke Li,Jinyu Li,Guoli Ye,Rui Zhao,Y. Gong
Eric Sun,Jinyu Li,Y. Gong
Amit Das,Jinyu Li,Changliang Liu,Y. Gong
Zhong Meng,Jinyu Li,Yashesh Gaur,Y. Gong
Zhong Meng,Jinyu Li,Y. Gong
Zhong Meng,Yashesh Gaur,Jinyu Li,Y. Gong
Zhong Meng,Jinyu Li,Yong Zhao,Y. Gong
Zhong Meng,Yashesh Gaur,Jinyu Li,Y. Gong
Yashesh Gaur,Jinyu Li,Zhong Meng,Y. Gong
Zhong Meng,Jinyu Li,Y. Gong,B. Juang
Yong Zhao,Jinyu Li,Shi-Xiong Zhang,Liping Chen,Y. Gong
Amit Das,Jinyu Li,Rui Zhao
Jinyu Li,Guoli Ye,Amit Das,Rui Zhao,Y. Gong
Zhong Meng,Jinyu Li,Y. Gong,B. Juang
Jinyu Li,Rui Zhao,Zhuo Chen,Changliang Liu,Xiong Xiao,Guoli Ye,Y. Gong
Zhong Meng,Jinyu Li,Y. Gong,B. Juang
Jinyu Li,Guoli Ye,Amit Das,Rui Zhao,Y. Gong
Amit Das,Jinyu Li,Rui Zhao,Y. Gong
Jinyu Li,Liang Lu,Changliang Liu,Y. Gong
Amit Das,Jinyu Li,Guoli Ye,Rui Zhao,Y. Gong
Zhuo Chen,Xiong Xiao,Takuya Yoshioka,Hakan Erdogan,Jinyu Li,Y. Gong
Zhong Meng,Jinyu Li,Zhuo Chen,Yang Zhao,V. Mazalov,Y. Gong,B. Juang
Jinyu Li,Changliang Liu,Y. Gong
Ke Li,Jinyu Li,Yong Zhao,Kshitiz Kumar,Y. Gong
Y. Gong,Yan Huang,Kshitiz Kumar,Jinyu Li,Chaojun Liu,Guoli Ye,Shi-Xiong Zhang,Yong Zhao,Rui Zhao
Jinyu Li,M. Seltzer,Xi Wang,Rui Zhao,Y. Gong
Jinyu Li,Guoli Ye,Rui Zhao,J. Droppo,Y. Gong
Zhuo Chen,Yan Huang,Jinyu Li,Y. Gong
Zhehuai Chen,J. Droppo,Jinyu Li,Wayne Xiong
Jinyu Li,Yan Huang,Y. Gong
Yong Zhao,Jinyu Li,Kshitiz Kumar,Y. Gong
Suyoun Kim,M. Seltzer,Jinyu Li,Rui Zhao
Dong Yu,Jinyu Li
Zhong Meng,Zhuo Chen,V. Mazalov,Jinyu Li,Y. Gong
Zhuo Chen,Jinyu Li,Xiong Xiao,Takuya Yoshioka,Huaming Wang,Zhenghao Wang,Y. Gong
Shi-Xiong Zhang,Rui Zhao,Chaojun Liu,Jinyu Li,Y. Gong
Jinyu Li,L. Deng,R. Haeb-Umbach,Y. Gong
Yong Zhao,Jinyu Li,Y. Gong
Jinyu Li,Abdel-rahman Mohamed,G. Zweig,Y. Gong
Dong Yu,Wayne Xiong,J. Droppo,A. Stolcke,Guoli Ye,Jinyu Li,G. Zweig
S. Gong,Rui Zhao,Jinyu Li,Chaojun Liu,Yi-fan
Shi-Xiong Zhang,Zhuo Chen,Yong Zhao,Jinyu Li,Y. Gong
Jinyu Li
Y. Miao,Jinyu Li,Yongqiang Wang,Shi-Xiong Zhang,Y. Gong
P. Swietojanski,Jinyu Li,S. Renals
Jinyu Li,L. Deng,R. Haeb-Umbach,Y. Gong
Jinyu Li,Abdel-rahman Mohamed,G. Zweig,Y. Gong
Zhen Huang,Jinyu Li,S. M. Siniscalchi,I-Fan Chen,Ji Wu,Chin-Hui Lee
Yongqiang Wang,Jinyu Li,Y. Gong
Jinyu Li,L. Deng,R. Haeb-Umbach,Y. Gong
Jinyu Li,L. Deng,R. Haeb-Umbach,Y. Gong
Yong Zhao,Jinyu Li,Jian Xue,Y. Gong
Jinyu Li,L. Deng,R. Haeb-Umbach,Y. Gong
Jinyu Li,L. Deng,R. Haeb-Umbach,Y. Gong
J. Huang,Jinyu Li,Y. Gong
Jinyu Li,L. Deng,R. Haeb-Umbach,Y. Gong
Jinyu Li,L. Deng,R. Haeb-Umbach,Y. Gong
Changliang Liu,Jinyu Li,Y. Gong
Zhen Huang,S. M. Siniscalchi,I-Fan Chen,Jinyu Li,Jiadong Wu,Chin-Hui Lee
Jinyu Li,L. Deng,R. Haeb-Umbach,Y. Gong
Rui Zhao,Jinyu Li,Y. Gong
Zhen Huang,Jinyu Li,Chao Weng,Chin-Hui Lee
Jinyu Li
Rui Zhao,Jinyu Li,Y. Gong
Zhen Huang,Jinyu Li,S. M. Siniscalchi,I-Fan Chen,Chao Weng,Chin-Hui Lee
Jinyu Li,L. Deng,Y. Gong,Reinhold Häb-Umbach
Jinyu Li,Rui Zhao,J. Huang,Y. Gong
Xiong Xiao,Jinyu Li,Chng Eng Siong,Haizhou Li
Jinyu Li,J. Huang,Y. Gong
P. Swietojanski,Jinyu Li,J. Huang
Jian Xue,Jinyu Li,Dong Yu,M. Seltzer,Y. Gong
J. Huang,Jinyu Li,Dong Yu,L. Deng,Y. Gong
Dong Yu,M. Seltzer,Jinyu Li,J. Huang,F. Seide
L. Deng,Jinyu Li,J. Huang,K. Yao,Dong Yu,F. Seide,M. Seltzer,G. Zweig,Xiaodong He,J. Williams,Y. Gong,A. Acero
Jian Xue,Jinyu Li,Y. Gong
S. M. Siniscalchi,Jinyu Li,Chin-Hui Lee
S. M. Siniscalchi,Jinyu Li,Chin-Hui Lee
Simon Wiesler,Jinyu Li,Jian Xue
Dong Yu,M. Seltzer,Jinyu Li,J. Huang,F. Seide
Jinyu Li,M. Seltzer,Y. Gong
Jinyu Li,Dong Yu,J. Huang,Y. Gong
Jinyu Li,M. Seltzer,Y. Gong
Xiong Xiao,Jinyu Li,Chng Eng Siong,Haizhou Li
S. M. Siniscalchi,Jinyu Li,Chin-Hui Lee
Xiong Xiao,Jinyu Li,E. Chng,Haizhou Li
Dong Yu,Jinyu Li,L. Deng
Xiong Xiao,Jinyu Li,Chng Eng Siong,Haizhou Li
Jinyu Li,Ming-Dong Yuan,Chin-Hui Lee
Xiong Xiao,Jinyu Li,Chng Eng Siong,Haizhou Li
Jinyu Li,Dong Yu,L. Deng,Y. Gong
Jinyu Li,Yu Tsao,Chin-Hui Lee
Xiong Xiao,Jinyu Li,Chng Eng Siong,Haizhou Li,Chin-Hui Lee
Jinyu Li,Dong Yu,Y. Gong,L. Deng
Dong Yu,Shizhen Wang,Jinyu Li,L. Deng
Xiong Xiao,Jinyu Li,Chng Eng Siong,Haizhou Li,Chin-Hui Lee
Jinyu Li,L. Deng,Dong Yu,Y. Gong,A. Acero
Yu Tsao,Jinyu Li,Chin-Hui Lee
Shigeki Matsuda,Yu Tsao,Jinyu Li,Satoshi Nakamura,Chin-Hui Lee
Yu Tsao,Jinyu Li,Chin-Hui Lee,Satoshi Nakamura
Jinyu Li
Jinyu Li,L. Deng,Dong Yu,Jian Wu,Y. Gong,A. Acero
Jinyu Li,Chin-Hui Lee
Jinyu Li,Zhijie Yan,Chin-Hui Lee,Ren-Hua Wang
Jinyu Li,L. Deng,Dong Yu,Y. Gong,A. Acero
Jinyu Li,Chin-Hui Lee
Jinyu Li,Ming-Dong Yuan,Chin-Hui Lee
Jinyu Li,L. Deng,Dong Yu,Y. Gong,A. Acero
I. Bromberg,Qian Qian,Jun Hou,Jinyu Li,Chengyuan Ma,Brett Matthews,Antonio Moreno-Daniel,Jeremy Morris,S. M. Siniscalchi,Yu Tsao,Yu Wang
Jinyu Li,S. M. Siniscalchi,Chin-Hui Lee
Jinyu Li,Zhijie Yan,Chin-Hui Lee,Ren-Hua Wang
Jinyu Li,Ming-Dong Yuan,Chin-Hui Lee
Jinyu Li,Ming-Dong Yuan,Chin-Hui Lee
Jinyu Li,S. Yaman,Chin-Hui Lee,B. Ma,R. Tong,Donglai Zhu,Haizhou Li
S. M. Siniscalchi,Jinyu Li,G. Pilato,G. Vassallo,M. Clements,A. Gentile,F. Sorbello
S. M. Siniscalchi,Jinyu Li,Chin-Hui Lee
S. M. Siniscalchi,Jinyu Li,G. Pilato,G. Vassallo,M. Clements,A. Gentile,F. Sorbello
Jinyu Li,Yu Tsao,Chin-Hui Lee
Jinyu Li,Chin-Hui Lee
Yu Tsao,Jinyu Li,Chin-Hui Lee
S. M. Siniscalchi,Jinyu Li,G. Pilato,G. Vassallo,M. Clements,A. Gentile,F. Sorbello
