Xiaoyi Qin,Danwei Cai,Ming Li
Xiaoyi Qin,Ming Li,Hui Bu,Shrikanth S. Narayanan,Haizhou Li
Xiaoyi Qin,N. Li,Chao Weng,Dan Su,Ming Li
Weiqing Wang,Xiaoyi Qin,Ming Li
Xiaoyi Qin,N. Li,Yuke Lin,Yiwei Ding,Chao Weng,Dan Su,Ming Li
Yuxiang Zhang,Jingze Lu,Xingming Wang,Zhuo Li,Runqiu Xiao,Wenchao Wang,Ming Li,Pengyuan Zhang
Yuke Lin,Xiaoyi Qin,Huahua Cui,Zhenyi Zhu,Ming Li
Tinglong Zhu,Xingming Wang,Xiaoyi Qin,Ming Li
Xiaoyi Qin,N. Li,Chao Weng,Dan Su,Ming Li
Haoxu Wang,Yan Jia,Zeqing Zhao,Xuyang Wang,Junjie Wang,Ming Li
Xingming Wang,Xiaoyi Qin,Yikang Wang,Yunfei Xu,Ming Li
Yuke Lin,Xiaoyi Qin,Ming Li
Tinglong Zhu,Xiaoyi Qin,Ming Li
Yechen Wang,Yan Jia,Murong Ma,Zexin Cai,Ming Li
Danwei Cai,Ming Li
Weiqing Wang,Qingjian Lin,Danwei Cai,Lin Yang,Ming Li
Qingjian Lin,Lin Yang,Xuyang Wang,Xiaoyi Qin,Junjie Wang,Ming Li
Weiqing Wang,Danwei Cai,Jin Wang,Qingjian Lin,Xuyang Wang,Mihee Hong,Ming Li
Jiyang Tang,Ming Li
Yan Jia,Xingming Wang,Xiaoyi Qin,Yinping Zhang,Xuyang Wang,Junjie Wang,Dong Zhang,Ming Li
Murong Ma,Haiwei Wu,Xuyang Wang,Lin Yang,Junjie Wang,Ming Li
Danwei Cai,Ming Li
Xingming Wang,Xiaoyi Qin,Tinglong Zhu,Chao Wang,Shilei Zhang,Ming Li
Yucong Zhang,Qinjian Lin,Weiqing Wang,Lin Yang,Xuyang Wang,Junjie Wang,Ming Li
Yaogen Yang,Haozhe Zhang,Xiaoyi Qin,Shanshan Liang,Huahua Cui,Mingyang Xu,Ming Li
Yuanyuan Bao,Yanze Xu,Na Xu,Wenjing Yang,Hongfeng Li,Shicong Li,Y. Jia,Fei Xiang,Jincheng He,Ming Li
Weiqing Wang,Jin-shan Pan,Hua Yi,Zhanmei Song,Ming Li
Weiqing Wang,Danwei Cai,Qingjian Lin,Lin Yang,Junjie Wang,Jin Wang,Ming Li
Ziang Zhou,Yanze Xu,Shilei Zhang,Ming Li
Xiaoyi Qin,Chao Wang,Yong Ma,Min Liu,Shilei Zhang,Ming Li
Yan Jia,Xingming Wang,Xiaoyi Qin,Yinping Zhang,Xuyang Wang,Junjie Wang,Ming Li
Haiwei Wu,Yan Jia,Yuan-Ping Nie,Ming Li
Qingjian Lin,Weicheng Cai,Lin Yang,Junjie Wang,J. Zhang,Ming Li
Qingjian Lin,Tingle Li,Lin Yang,Junjie Wang,Ming Li
Yao Shi,Hui Bu,Xin Xu,Shaojing Zhang,Ming Li
Zexin Cai,Chuxiong Zhang,Ming Li
Haiwei Wu,Lin Zhang,Lin Yang,Xuyang Wang,Junjie Wang,Dong Zhang,Ming Li
Qingjian Lin,Yuanbo Hou,Ming Li
Xiaoyi Qin,Ming Li,Hui Bu,Wei Rao,Rohan Kumar Das,Shrikanth S. Narayanan,Haizhou Li
Yan Jia,Zexin Cai,Murong Ma,Zeqing Zhao,Xuyang Wang,Junjie Wang,Ming Li
Zexin Cai,Ming Li
Tingle Li,Qingjian Lin,Yuanyuan Bao,Ming Li
Weicheng Cai,Ming Li
Xiaoyi Qin,Yaogen Yang,Lin Yang,Xuyang Wang,Junjie Wang,Ming Li
Weicheng Cai,Jinkun Chen,J. Zhang,Ming Li
Haiwei Wu,Yan Jia,Yuan-Ping Nie,Ming Li
Weiqing Wang,Danwei Cai,Xiaoyi Qin,Ming Li
Qingjian Lin,Tingle Li,Ming Li
Xiaoyi Qin,Ming Li,Hui Bu,Rohan Kumar Das,Wei Rao,Shrikanth S. Narayanan,Haizhou Li
Danwei Cai,Weicheng Cai,Ming Li
Danwei Cai,Weiqing Wang,Ming Li
Zexin Cai,Zhicheng Xu,Ming Li
Zexin Cai,Chuxiong Zhang,Yaogen Yang,Ming Li
Tingle Li,Jiawei Chen,Haowen Hou,Ming Li
Danwei Cai,Weicheng Cai,Ming Li
Weiqing Wang,Haiwei Wu,Ming Li
Ming Li,Weicheng Cai,Danwei Cai
Weicheng Cai,Haiwei Wu,Danwei Cai,Ming Li
Haiwei Wu,Weicheng Cai,Ming Li,Ji Gao,Shanshan Zhang,Zhiqiang Lyu,Shen Huang
Xiaoyi Qin,Danwei Cai,Ming Li
Tingle Li,Jiawei Chen,Haowen Hou,Ming Li
Danwei Cai,Xiaoyi Qin,Weicheng Cai,Ming Li
Zexin Cai,Yaogen Yang,Chuxiong Zhang,Xiaoyi Qin,Ming Li
Danwei Cai,Xiaoyi Qin,Ming Li
Haiwei Wu,Weiqing Wang,Ming Li
Qingjian Lin,Ruiqing Yin,Ming Li,H. Bredin,C. Barras
Xiaoyi Qin,Hui Bu,Ming Li
Weicheng Cai,Zexin Cai,Wenbo Liu,Xiaoqi Wang,Ming Li
Lin-Shan Lee,Shun-Chuan Chen,Yuan Ho,Jia-fu Chen,Ming Li,T. Li
