Yifan Peng,Kwangyoun Kim,Felix Wu,Prashant Sridhar,Shinji Watanabe
Massa Baali,Tomoki Hayashi,Hamdy Mubarak,Soumi Maiti,Shinji Watanabe,W. El-Hajj,Ahmed Ali
Li-Wei Chen,Shinji Watanabe,Alexander I. Rudnicky
Peter Wu,Li-Wei Chen,Cheol Jun Cho,Shinji Watanabe,L. Goldstein,A. Black,G. Anumanchipalli
E. Takashita,S. Murakami,Y. Matsuzaki,S. Fujisaki,H. Morita,Shiho Nagata,Misa Katayama,K. Mizuta,H. Nishimura,Shinji Watanabe,T. Horimoto,H. Hasegawa
Muqiao Yang,Joseph Konan,David Bick,Yunyang Zeng,Shuo Han,Anurag Kumar,Shinji Watanabe,B. Raj
William Chen,Brian Yan,Jiatong Shi,Yifan Peng,Soumi Maiti,Shinji Watanabe
Takaaki Saeki,Soumi Maiti,Xinjian Li,Shinji Watanabe,Shinnosuke Takamichi,H. Saruwatari
Shinji Watanabe
H. Abe,Y. Yahiro,T. Hasegawa,T. Hirawake,H. Onishi,A. Ooki,T. Takatsu,K. Sasaki,M. Wakita,H. Kaneko,Shinji Watanabe,T. Tanaka,T. Okunishi,S. Ohno,S. Hashizume
Samuele Cornell,Zhongqiu Wang,Yoshiki Masuyama,Shinji Watanabe,Manuel Pariente,Nobutaka Ono
Yunyang Zeng,Joseph Konan,Shuo Han,David Bick,Muqiao Yang,Anurag Kumar,Shinji Watanabe,B. Raj
Yosuke Higuchi,Tetsuji Ogawa,Tetsunori Kobayashi,Shinji Watanabe
Yosuke Higuchi,Brian Yan,Siddhant Arora,Tetsuji Ogawa,Tetsunori Kobayashi,Shinji Watanabe
Wangyou Zhang,Xuankai Chang,Christoph Boeddeker,T. Nakatani,Shinji Watanabe,Y. Qian
Hung-yi Lee,Abdel-rahman Mohamed,Shinji Watanabe,Tara N. Sainath,Karen Livescu,Shang-Wen Li,Shu-wen Yang,Katrin Kirchhoff
Yifan Peng,Siddharth Dalmia,I. Lane,Shinji Watanabe
Siddhant Arora,Siddharth Dalmia,Brian Yan,Florian Metze,A. Black,Shinji Watanabe
Xinjian Li,Florian Metze,David R. Mortensen,A. Black,Shinji Watanabe
Jaesong Lee,Lukas Lee,Shinji Watanabe
Keqi Deng,Zehui Yang,Shinji Watanabe,Yosuke Higuchi,Gaofeng Cheng,Pengyuan Zhang
Nathaniel Robinson,Perez Ogayo,Swetha Gangu,David R. Mortensen,Shinji Watanabe
Soumi Maiti,Yifan Peng,Takaaki Saeki,Shinji Watanabe
Muqiao Yang,Joseph Konan,David Bick,Anurag Kumar,Shinji Watanabe,B. Raj
Abdel-rahman Mohamed,Hung-yi Lee,Lasse Borgholt,Jakob Drachmann Havtorn,Joakim Edin,C. Igel,Katrin Kirchhoff,Shang-Wen Li,Karen Livescu,Lars Maaløe,Tara N. Sainath,Shinji Watanabe
Keqi Deng,Shinji Watanabe,Jiatong Shi,Siddhant Arora
Hengshun Zhou,Jun Du,Gongzhen Zou,Zhaoxu Nian,Chin-Hui Lee,S. M. Siniscalchi,Shinji Watanabe,O. Scharenborg,Jingdong Chen,Shifu Xiong,Jianqing Gao
Yosuke Higuchi,Tetsuji Ogawa,Tetsunori Kobayashi,Shinji Watanabe
Masao Someki,Yosuke Higuchi,Tomoki Hayashi,Shinji Watanabe
Yifan Peng,Siddhant Arora,Yosuke Higuchi,Yushi Ueda,Sujay S. Kumar,Karthik Ganesan,Siddharth Dalmia,Xuankai Chang,Shinji Watanabe
Muqiao Yang,I. Lane,Shinji Watanabe
Takatomo Kano,A. Ogawa,Marc Delcroix,Shinji Watanabe
Jun Kobayashi,S. Matsuyama,M. Shirakura,Tomoko Arita,Yasushi Suzuki,H. Asanuma,Shinji Watanabe,H. Hasegawa,Kazuya Nakamura
Shota Horiguchi,Yuki Takashima,Shinji Watanabe,Leibny Paola García-Perera
Siddharth Dalmia,Dmytro Okhonko,M. Lewis,Sergey Edunov,Shinji Watanabe,Florian Metze,Luke Zettlemoyer,Abdel-rahman Mohamed
Shukjae Choi,Younglo Lee,Jihwan Park,Hyung Yong Kim,Byeongchang Kim,Zhongqiu Wang,Shinji Watanabe
Xinjian Li,Florian Metze,David R. Mortensen,A. Black,Shinji Watanabe
Shuai Guo,Jiatong Shi,Tao Qian,Shinji Watanabe,Qin Jin
Jiatong Shi,G. Saon,D. Haws,Shinji Watanabe,Brian Kingsbury
Yoshiki Masuyama,Xuankai Chang,Samuele Cornell,Shinji Watanabe,Nobutaka Ono
Jiatong Shi,Shuai Guo,Tao Qian,Nan Huo,Tomoki Hayashi,Yuning Wu,Frank Xu,Xuankai Chang,Hua-Wei Li,Peter Wu,Shinji Watanabe,Qin Jin
Yusuke Shinohara,Shinji Watanabe
Xuankai Chang,Takashi Maekaku,Yuya Fujita,Shinji Watanabe
Brian Yan,Patrick Fernandes,Siddharth Dalmia,Jiatong Shi,Yifan Peng,Dan Berrebbi,Xinyi Wang,Graham Neubig,Shinji Watanabe
E. Tsunoo,Yosuke Kashiwagi,Chaitanya Narisetty,Shinji Watanabe
Joseph P. Turian,Jordie Shier,H. Khan,B. Raj,Björn Schuller,C. Steinmetz,C. Malloy,G. Tzanetakis,Gissel Velarde,K. McNally,Max Henry,Nicolas Pinto,Camille Noufi,Christian Clough,Dorien Herremans,Eduardo Fonseca,Jesse Engel,J. Salamon,P. Esling,Pranay Manocha,Shinji Watanabe,Zeyu Jin,Yonatan Bisk
Dongji Gao,Jiatong Shi,Shun-Po Chuang,Leibny Paola García-Perera,Hung-yi Lee,Shinji Watanabe,S. Khudanpur
K. Nerome,Toshifumi Imagawa,S. Sugita,Youta Arasaki,Ken-ichi Maegawa,K. Kawasaki,Tsuyoshi Tanaka,Shinji Watanabe,H. Nishimura,Tetsuro Suzuki,K. Kuroda,I. Kosugi,Z. Kajiura
Joseph P. Turian,Jordie Shier,H. Khan,B. Raj,Björn Schuller,C. Steinmetz,C. Malloy,G. Tzanetakis,Gissel Velarde,K. McNally,Max Henry,Nicolas Pinto,Camille Noufi,Christian Clough,Dorien Herremans,Eduardo Fonseca,Jesse Engel,J. Salamon,P. Esling,Pranay Manocha,Shinji Watanabe,Zeyu Jin,Yonatan Bisk
E. Takashita,Shinji Watanabe,H. Hasegawa,Y. Kawaoka
Yen-Ju Lu,Zhongqiu Wang,Shinji Watanabe,Alexander Richard,Cheng Yu,Yu Tsao
Hang Chen,Hengshun Zhou,Jun Du,Chin-Hui Lee,Jingdong Chen,Shinji Watanabe,S. M. Siniscalchi,O. Scharenborg,Diyuan Liu,Bao-Cai Yin,Jia Pan,Jianqing Gao,Cong Liu
Chaitanya Narisetty,E. Tsunoo,Xuankai Chang,Yosuke Kashiwagi,Michael Hentschel,Shinji Watanabe
Siddhant Arora,Siddharth Dalmia,Xuankai Chang,Brian Yan,A. Black,Shinji Watanabe
Motoi Omachi,Yuya Fujita,Shinji Watanabe,Tianzi Wang
Brian Yan,Matthew Wiesner,Ondrej Klejch,P. Jyothi,Shinji Watanabe
Zhongqiu Wang,Samuele Cornell,Shukjae Choi,Younglo Lee,Byeonghak Kim,Shinji Watanabe
H. Nakamura,H. Muslim,R. Kato,Shinji Watanabe,H. Kaneko,H. Imanaga,J. Antona-Makoshi,S. Kitajima,N. Uchida,E. Kitahara,K. Ozawa,S. Taniguchi
Felix Wu,Kwangyoun Kim,Shinji Watanabe,Kyu J. Han,Ryan T. McDonald,Kilian Q. Weinberger,Yoav Artzi
Tatsuya Komatsu,Yusuke Fujita,Jaesong Lee,Lukas Lee,Shinji Watanabe,Yusuke Kida
Masayuki Hashimoto,N. Nagata,T. Homma,H. Maeda,K. Dohi,Naomi M. Seki,Ken Yoshihara,N. Iwata-Yoshikawa,N. Shiwa-Sudo,Y. Sakai,M. Shirakura,N. Kishida,Tomoko Arita,Yasushi Suzuki,Shinji Watanabe,H. Asanuma,T. Sonoyama,Tadaki Suzuki,S. Omoto,H. Hasegawa
E. Tsunoo,Chaitanya Narisetty,Michael Hentschel,Yosuke Kashiwagi,Shinji Watanabe
Jing Shi,Xuankai Chang,Shinji Watanabe,Bo Xu
N. Shiwa-Sudo,Y. Sakai,N. Iwata-Yoshikawa,Shinji Watanabe,Souichi Yamada,Y. Kuroda,Tsukasa Yamamoto,M. Shirakura,S. Fujisaki,K. Miyazaki,H. Miura,Shiho Nagata,S. Fukushi,Ken Maeda,H. Hasegawa,Tadaki Suzuki,N. Nagata
Yuki Takashima,Shota Horiguchi,Shinji Watanabe,Paola Garc'ia,Y. Kawaguchi
Zhong-Qiu Wang,G. Wichern,Shinji Watanabe,Jonathan Le Roux
Hainan Xu,Fei Jia,Somshubra Majumdar,Shinji Watanabe,Boris Ginsburg
Takashi Maekaku,Xuankai Chang,Yuya Fujita,Shinji Watanabe
Sho Miyamoto,T. Arashiro,Y. Adachi,S. Moriyama,H. Kinoshita,T. Kanno,Shinji Saito,H. Katano,S. Iida,A. Ainai,R. Kotaki,Souichi Yamada,Y. Kuroda,Tsukasa Yamamoto,Keita Ishijima,Eun-sil Park,Y. Inoue,Y. Kaku,M. Tobiume,N. Iwata-Yoshikawa,N. Shiwa-Sudo,K. Tokunaga,S. Ozono,T. Hemmi,A. Ueno,N. Kishida,Shinji Watanabe,K. Nojima,Y. Seki,T. Mizukami,H. Hasegawa,H. Ebihara,Ken Maeda,S. Fukushi,Yoshimasa Takahashi,Tadaki Suzuki
Shota Horiguchi,Shinji Watanabe,Leibny Paola García-Perera,Yuki Takashima,Y. Kawaguchi
Yui Sudo,Shakeel Muhammad,K. Nakadai,Jiatong Shi,Shinji Watanabe
Hayato Futami,E. Tsunoo,Kentarou Shibata,Yosuke Kashiwagi,Takao Okuda,Siddhant Arora,Shinji Watanabe
Hung-yi Lee,Shinji Watanabe,Karen Livescu,Abdel-rahman Mohamed,Tara N. Sainath
Jiatong Shi,Chan-Jan Hsu,Ho-Lam Chung,Dongji Gao,Leibny Paola García-Perera,Shinji Watanabe,Ann Lee,Hung-yi Lee
Peter Wu,Shinji Watanabe,L. Goldstein,A. Black,G. Anumanchipalli
Yen Meng,Hsuan-Jui Chen,Jiatong Shi,Shinji Watanabe,Paola García,Hung-yi Lee,Hao Tang
Zhongqiu Wang,Shinji Watanabe
Yen-Ju Lu,Samuele Cornell,Xuankai Chang,Wangyou Zhang,Chenda Li,Zhaoheng Ni,Zhong-Qiu Wang,Shinji Watanabe
Hsiang-Sheng Tsai,Heng-Jui Chang,Wen-Chin Huang,Zili Huang,Kushal Lakhotia,Shu-wen Yang,Shuyan Dong,Andy T. Liu,Cheng-I Lai,Jiatong Shi,Xuankai Chang,Phil Hall,Hsuan-Jui Chen,Shang-Wen Li,Shinji Watanabe,Abdel-rahman Mohamed,Hung-yi Lee
Yooncheol Ju,Ilhwan Kim,Hongsun Yang,Ji-Hoon Kim,Byeongchang Kim,Soumi Maiti,Shinji Watanabe
Jee-weon Jung,Hee-Soo Heo,Bong-Jin Lee,Jaesong Lee,Hye-jin Shim,Youngki Kwon,Joon Son Chung,Shinji Watanabe
Yui Sudo,M. Shakeel,Brian Yan,Jiatong Shi,Shinji Watanabe
Takashi Maekaku,Yuya Fujita,Yifan Peng,Shinji Watanabe
Robin Scheibler,Wangyou Zhang,Xuankai Chang,Shinji Watanabe,Y. Qian
Dan Berrebbi,Jiatong Shi,Brian Yan,Osbel López-Francisco,Jonathan D. Amith,Shinji Watanabe
Tzu-hsun Feng,Annie Dong,Ching-feng Yeh,Shu-wen Yang,Tzu-Quan Lin,Jiatong Shi,Kai-Wei Chang,Zili Huang,Haibin Wu,Xuankai Chang,Shinji Watanabe,Abdel-rahman Mohamed,Shang-Wen Li,Hung-yi Lee
Xuankai Chang,Niko Moritz,Takaaki Hori,Shinji Watanabe,Jonathan Le Roux
E. Takashita,S. Yamayoshi,P. Halfmann,N. Wilson,Hunter Ries,Alex Richardson,M. Bobholz,W. Vuyk,Robert Maddox,D. Baker,T. Friedrich,D. O’Connor,Ryuta Uraki,Mutsumi Ito,Y. Sakai-Tagawa,E. Adachi,M. Saito,M. Koga,T. Tsutsumi,K. Iwatsuki-Horimoto,M. Kiso,H. Yotsuyanagi,Shinji Watanabe,H. Hasegawa,M. Imai,Y. Kawaoka
Jee-weon Jung,Hee-Soo Heo,Bong-Jin Lee,Jaesung Huh,A. Brown,Youngki Kwon,Shinji Watanabe,Joon Son Chung
Suwon Shon,Felix Wu,Kwangyoun Kim,Prashant Sridhar,Karen Livescu,Shinji Watanabe
Li-Wei Chen,Shinji Watanabe,Alexander I. Rudnicky
Xinjian Li,Florian Metze,David R. Mortensen,Shinji Watanabe,A. Black
Hang Chen,Jun Du,Yusheng Dai,Chin-Hui Lee,S. M. Siniscalchi,Shinji Watanabe,O. Scharenborg,Jingdong Chen,Bao-Cai Yin,Jia Pan
Yen-Ju Lu,Xuankai Chang,Chenda Li,Wangyou Zhang,Samuele Cornell,Zhaoheng Ni,Yoshiki Masuyama,Brian Yan,Robin Scheibler,Zhongqiu Wang,Yu Tsao,Y. Qian,Shinji Watanabe
Jiachen Lian,A. Black,Yijingxiu Lu,L. Goldstein,Shinji Watanabe,G. Anumanchipalli
Yushi Ueda,Soumi Maiti,Shinji Watanabe,Chunlei Zhang,Meng Yu,Shi-Xiong Zhang,Yong Xu
Zili Huang,Shinji Watanabe,Shu-wen Yang,Leibny Paola García-Perera,S. Khudanpur
Antonios Anastasopoulos,Loïc Barrault,L. Bentivogli,Marcely Zanon Boito,Ondrej Bojar,Roldano Cattoni,Anna Currey,Georgiana Dinu,Kevin Duh,Maha Elbayad,Clara Emmanuel,Y. Estève,Marcello Federico,C. Federmann,Souhir Gahbiche,Hongyu Gong,Roman Grundkiewicz,B. Haddow,B. Hsu,Dávid Javorský,Věra Kloudová,Surafel Melaku Lakew,Xutai Ma,Prashant Mathur,Paul McNamee,Kenton Murray,Maria Nadejde,Satoshi Nakamura,Matteo Negri,J. Niehues,Xing Niu,John E. Ortega,J. Pino,Elizabeth Salesky,Jiatong Shi,Matthias Sperber,S. Stüker,Katsuhito Sudoh,M. Turchi,Yogesh Virkar,A. Waibel,Changhan Wang,Shinji Watanabe
Motoi Omachi,Brian Yan,Siddharth Dalmia,Yuya Fujita,Shinji Watanabe
Matthew Maciejewski,Jing Shi,Shinji Watanabe,S. Khudanpur
Dan Berrebbi,Brian Yan,Shinji Watanabe
Hirofumi Ohashi,Takayuki Hishiki,D. Akazawa,Kwang Su Kim,J. Woo,Kaho Shionoya,K. Tsuchimoto,S. Iwanami,S. Moriyama,H. Kinoshita,Souichi Yamada,Y. Kuroda,Tsukasa Yamamoto,N. Kishida,Shinji Watanabe,H. Hasegawa,H. Ebihara,Tadaki Suzuki,Ken Maeda,S. Fukushi,Yoshimasa Takahashi,S. Iwami,K. Watashi
Brian Yan,Siddharth Dalmia,Yosuke Higuchi,Graham Neubig,Florian Metze,A. Black,Shinji Watanabe
Zhong-Qiu Wang,Samuele Cornell,Shukjae Choi,Younglo Lee,Byeonghak Kim,Shinji Watanabe
Suwon Shon,Siddhant Arora,Chyi-Jiunn Lin,Ankita Pasad,Felix Wu,Roshan Sharma,Wei Yu Wu,Hung-yi Lee,Karen Livescu,Shinji Watanabe
Kwangyoun Kim,Felix Wu,Yifan Peng,Jing Pan,Prashant Sridhar,Kyu J. Han,Shinji Watanabe
Shota Horiguchi,Yuki Takashima,Leibny Paola García-Perera,Shinji Watanabe,Y. Kawaguchi
Wangyou Zhang,Jing Shi,Chenda Li,Shinji Watanabe,Y. Qian
Soumi Maiti,Hakan Erdogan,K. Wilson,Scott Wisdom,Shinji Watanabe,J. Hershey
Brian Yan,Chunlei Zhang,Meng Yu,Shi-Xiong Zhang,Siddharth Dalmia,Dan Berrebbi,Chao Weng,Shinji Watanabe,Dong Yu
Maokui He,Desh Raj,Zili Huang,Jun Du,Zhuo Chen,Shinji Watanabe
Shinji Watanabe
Jaesong Lee,Jingu Kang,Shinji Watanabe
Shinji Watanabe
Pengcheng Guo,Xuankai Chang,Shinji Watanabe,Lei Xie
Wen-Chin Huang,Shu-wen Yang,Tomoki Hayashi,Hung-yi Lee,Shinji Watanabe,T. Toda
Kwangyoun Kim,Felix Wu,Prashant Sridhar,Kyu J. Han,Shinji Watanabe
Shu-wen Yang,Po-Han Chi,Yung-Sung Chuang,Cheng-I Lai,Kushal Lakhotia,Yist Y. Lin,Andy T. Liu,Jiatong Shi,Xuankai Chang,Guan-Ting Lin,Tzu-hsien Huang,W. Tseng,Ko-tik Lee,Da-Rong Liu,Zili Huang,Shuyan Dong,Shang-Wen Li,Shinji Watanabe,Abdel-rahman Mohamed,Hung-yi Lee
Yosuke Kashiwagi,E. Tsunoo,Shinji Watanabe
Tianzi Wang,Yuya Fujita,Xuankai Chang,Shinji Watanabe
Matthew Maciejewski,Shinji Watanabe,S. Khudanpur
Tatsuya Komatsu,Shinji Watanabe,Koichi Miyazaki,Tomoki Hayashi
Chaitanya Narisetty,Tomoki Hayashi,Ryunosuke Ishizaki,Shinji Watanabe,K. Takeda
Suwon Shon,Pablo Brusco,Jing Pan,Kyu J. Han,Shinji Watanabe
Siddhant Arora,Alissa Ostapenko,Vijay Viswanathan,Siddharth Dalmia,Florian Metze,Shinji Watanabe,A. Black
Shinji Watanabe
Yen-Ju Lu,Yu Tsao,Shinji Watanabe
Cong Han,Yi Luo,Chenda Li,Tianyan Zhou,K. Kinoshita,Shinji Watanabe,Marc Delcroix,Hakan Erdogan,J. Hershey,N. Mesgarani,Zhuo Chen
H. Inaguma,Yosuke Higuchi,Kevin Duh,Tatsuya Kawahara,Shinji Watanabe
Shinnosuke Takamichi,Ludwig Kurzinger,Takaaki Saeki,Sayaka Shiota,Shinji Watanabe
Jiatong Shi,Jonathan D. Amith,Xuankai Chang,Siddharth Dalmia,Brian Yan,Shinji Watanabe
Takashi Maekaku,Xuankai Chang,Yuya Fujita,Li-Wei Chen,Shinji Watanabe,Alexander I. Rudnicky
Chenda Li,Zhuo Chen,Yi Luo,Cong Han,Tianyan Zhou,K. Kinoshita,Marc Delcroix,Shinji Watanabe,Y. Qian
Shu-wen Yang,Po-Han Chi,Yung-Sung Chuang,Cheng-I Lai,Kushal Lakhotia,Y. Yist,Lin,Andy T. Liu,Jiatong Shi,Xuankai Chang,Daniel Lin,Tzu-hsien Huang,W. Tseng,Godic Lee,Da-Rong Liu,Zili Huang,Annie Dong,Shang-Wen Li,Shinji Watanabe,Abdel-rahman Mohamed,Hung-yi Lee
Shinji Watanabe
Wei Rao,Yihui Fu,Yanxin Hu,Xin Xu,Yvkai Jv,Jiangyu Han,Zhongjie Jiang,Lei Xie,Yannan Wang,Shinji Watanabe,Z. Tan,Hui Bu,Tao Yu,Shidong Shang
Tae Jin Park,Naoyuki Kanda,D. Dimitriadis,Kyu J. Han,Shinji Watanabe,Shrikanth S. Narayanan
Shota Horiguchi,Shinji Watanabe,Leibny Paola García-Perera,Yawen Xue,Yuki Takashima,Y. Kawaguchi
Guoguo Chen,Shuzhou Chai,Guan-Bo Wang,Jiayu Du,Weiqiang Zhang,Chao Weng,Dan Su,Daniel Povey,J. Trmal,Junbo Zhang,Mingjie Jin,S. Khudanpur,Shinji Watanabe,Shuaijiang Zhao,Wei Zou,Xiangang Li,Xuchen Yao,Yongqing Wang,Yujun Wang,Zhao You,Zhiyong Yan
Niko Moritz,Takaaki Hori,Shinji Watanabe,Jonathan Le Roux
A. Subramanian,Chao Weng,Shinji Watanabe,Meng Yu,Yong Xu,Shi-Xiong Zhang,Dong Yu
Nanxin Chen,Shinji Watanabe,J. Villalba,Piotr Żelasko,N. Dehak
Peter Wu,Paul Pu Liang,Jiatong Shi,R. Salakhutdinov,Shinji Watanabe,Louis-Philippe Morency
E. Tsunoo,Kentarou Shibata,Chaitanya Narisetty,Yosuke Kashiwagi,Shinji Watanabe
Shota Horiguchi,Nelson Yalta,Leibny Paola García-Perera,Yuki Takashima,Yawen Xue,Desh Raj,Zili Huang,Yusuke Fujita,Shinji Watanabe,S. Khudanpur
Yosuke Higuchi,Nanxin Chen,Yuya Fujita,H. Inaguma,Tatsuya Komatsu,Jaesong Lee,Jumon Nozaki,Tianzi Wang,Shinji Watanabe
Jing Pan,Tao Lei,Kwangyoun Kim,Kyu J. Han,Shinji Watanabe
Shu-wen Yang,Po-Han Chi,Yung-Sung Chuang,Cheng-I Lai,Kushal Lakhotia,Yist Y. Lin,Andy T. Liu,Jiatong Shi,Xuankai Chang,Guan-Ting Lin,Tzu-hsien Huang,W. Tseng,Ko-tik Lee,Da-Rong Liu,Zili Huang,Shuyan Dong,Shang-Wen Li,Shinji Watanabe,Abdel-rahman Mohamed,Hung-yi Lee
H. Inaguma,T. Kawahara,Shinji Watanabe
Murali Karthick Baskar,L. Burget,Shinji Watanabe,Ramón Fernández Astudillo,J. Černocký
Shota Horiguchi,Yusuke Fujita,Shinji Watanabe,Yawen Xue,Leibny Paola García-Perera
Jiatong Shi,Jiatong Shi. Jonathan D. Amith,Rey Castillo Garc'ia,Esteban Guadalupe Sierra,Kevin Duh,Shinji Watanabe
Shota Horiguchi,Yusuke Fujita,Shinji Watanabe,Yawen Xue,Leibny Paola García-Perera
Yawen Xue,Shota Horiguchi,Yusuke Fujita,Yuki Takashima,Shinji Watanabe,Leibny Paola García-Perera,Kenji Nagamatsu
Peter Wu,Jiatong Shi,Yifan Zhong,Shinji Watanabe,A. Black
H. Inaguma,Brian Yan,Siddharth Dalmia,Pengcheng Gu,Jiatong Shi,Kevin Duh,Shinji Watanabe
Brian Yan,Siddharth Dalmia,David R. Mortensen,Florian Metze,Shinji Watanabe
H. Inaguma,Siddharth Dalmia,Brian Yan,Shinji Watanabe
Yao-Yuan Yang,Moto Hira,Zhaoheng Ni,Anjali Chourdia,Artyom Astafurov,Caroline Chen,Ching-feng Yeh,Christian Puhrsch,David Pollack,Dmitriy Genzel,Donny Greenberg,Edward Z. Yang,Jason Lian,Jay Mahadeokar,Jeff Hwang,Ji Chen,Peter Goldsborough,Prabhat Roy,Sean Narenthiran,Shinji Watanabe,Soumith Chintala,Vincent Quenneville-B'elair,Yangyang Shi
Jing Shi,Xuankai Chang,Tomoki Hayashi,Yen-Ju Lu,Shinji Watanabe,Bo Xu
Zili Huang,Marc Delcroix,Leibny Paola García-Perera,Shinji Watanabe,Desh Raj,S. Khudanpur
Chenda Li,Yi Luo,Cong Han,Jinyu Li,Takuya Yoshioka,Tianyan Zhou,Marc Delcroix,K. Kinoshita,Christoph Böddeker,Y. Qian,Shinji Watanabe,Zhuo Chen
Tomoki Hayashi,Ryuichi Yamamoto,Takenori Yoshimura,Peter Wu,Jiatong Shi,Takaaki Saeki,Yooncheol Ju,Yusuke Yasuda,Shinnosuke Takamichi,Shinji Watanabe
A. Hussein,Shinji Watanabe,Ahmed M. Ali
Kateřina Žmolíková,Marc Delcroix,Desh Raj,Shinji Watanabe,J. Černocký
Patrick K. O’Neill,Vitaly Lavrukhin,Somshubra Majumdar,V. Noroozi,Yuekai Zhang,Oleksii Kuchaiev,J. Balam,Yuliya Dovzhenko,Keenan Freyberg,Michael D. Shulman,Boris Ginsburg,Shinji Watanabe,G. Kucsko
Siddharth Dalmia,Brian Yan,Vikas Raunak,Florian Metze,Shinji Watanabe
Yuki Takashima,Yusuke Fujita,Shinji Watanabe,Shota Horiguchi,Leibny Paola García-Perera,Kenji Nagamatsu
Yawen Xue,Shota Horiguchi,Yusuke Fujita,Yuki Takashima,Shinji Watanabe,Leibny Paola García-Perera,Kenji Nagamatsu
Jiatong Shi,Chunlei Zhang,Chao Weng,Shinji Watanabe,Meng Yu,Dong Yu
H. Inaguma,Yosuke Higuchi,Kevin Duh,Tatsuya Kawahara,Shinji Watanabe
Yuki Takashima,Yusuke Fujita,Shota Horiguchi,Shinji Watanabe,Paola Garc'ia,Kenji Nagamatsu
Siddhant Arora,Siddharth Dalmia,Pavel Denisov,Xuankai Chang,Yushi Ueda,Yifan Peng,Yuekai Zhang,Sujay S. Kumar,Karthik Ganesan,Brian Yan,Ngoc Thang Vu,A. Black,Shinji Watanabe
Xuankai Chang,Takashi Maekaku,Pengcheng Guo,Jing Shi,Yen-Ju Lu,A. Subramanian,Tianzi Wang,Shu-wen Yang,Yu Tsao,Hung-yi Lee,Shinji Watanabe
Takatomo Kano,A. Ogawa,Marc Delcroix,Shinji Watanabe
A. Subramanian,Chao Weng,Shinji Watanabe,Meng Yu,Dong Yu
Wangyou Zhang,Christoph Boeddeker,Shinji Watanabe,T. Nakatani,Marc Delcroix,K. Kinoshita,Tsubasa Ochiai,Naoyuki Kamo,R. Haeb-Umbach,Y. Qian
Desh Raj,Pavel Denisov,Zhuo Chen,Hakan Erdogan,Zili Huang,Maokui He,Shinji Watanabe,Jun Du,Takuya Yoshioka,Yi Luo,Naoyuki Kanda,Jinyu Li,Scott Wisdom,J. Hershey
Motoi Omachi,Yuya Fujita,Shinji Watanabe,Matthew Wiesner
Florian Boyer,Yusuke Shinohara,Takaaki Ishii,H. Inaguma,Shinji Watanabe
Wen-Chin Huang,Tomoki Hayashi,Xinjian Li,Shinji Watanabe,T. Toda
Jaesong Lee,Shinji Watanabe
Yawen Xue,Shota Horiguchi,Yusuke Fujita,Shinji Watanabe,Kenji Nagamatsu
Matthew Maciejewski,Jing Shi,Shinji Watanabe,S. Khudanpur
Koichi Miyazaki,Tatsuya Komatsu,Tomoki Hayashi,Shinji Watanabe,T. Toda,K. Takeda
Yosuke Higuchi,Shinji Watanabe,Nanxin Chen,Tetsuji Ogawa,Tetsunori Kobayashi
Xuankai Chang,Wangyou Zhang,Y. Qian,Jonathan Le Roux,Shinji Watanabe
Takenori Yoshimura,Tomoki Hayashi,K. Takeda,Shinji Watanabe
Jiatong Shi,Chunlei Zhang,Chao Weng,Shinji Watanabe,Meng Yu,Dong Yu
Shinji Watanabe
Jaesung Huh,Hee-Soo Heo,Jingu Kang,Shinji Watanabe,Joon Son Chung
Shinji Watanabe
R. Haeb-Umbach,Jahn Heymann,Lukas Drude,Shinji Watanabe,Marc Delcroix,Tomohiro Nakatani Paderborn University,H Germany,A. Aachen,J. University,Baltimore.,Usa,Ntt Communication Science Laboratories,Kyoto,Japan.
Yusuke Fujita,Shinji Watanabe,Shota Horiguchi,Yawen Xue,Kenji Nagamatsu
Yosuke Higuchi,H. Inaguma,Shinji Watanabe,Tetsuji Ogawa,Tetsunori Kobayashi
Chenda Li,Jing Shi,Wangyou Zhang,A. Subramanian,Xuankai Chang,Naoyuki Kamo,Moto Hira,Tomoki Hayashi,Christoph Boeddeker,Zhuo Chen,Shinji Watanabe
Zili Huang,Shinji Watanabe,Yusuke Fujita,Leibny Paola García-Perera,Yiwen Shao,Daniel Povey,S. Khudanpur
Yuya Fujita,Shinji Watanabe,Motoi Omachi,Xuankai Chan
Shinji Watanabe,Florian Boyer,Xuankai Chang,Pengcheng Guo,Tomoki Hayashi,Yosuke Higuchi,Takaaki Hori,Wen-Chin Huang,H. Inaguma,Naoyuki Kamo,Shigeki Karita,Chenda Li,Jing Shi,A. Subramanian,Wangyou Zhang
Desh Raj,Leibny Paola García-Perera,Zili Huang,Shinji Watanabe,Daniel Povey,A. Stolcke,S. Khudanpur
Wangyou Zhang,A. Subramanian,Xuankai Chang,Shinji Watanabe,Y. Qian
Shota Horiguchi,Leibny Paola García-Perera,Yusuke Fujita,Shinji Watanabe,Kenji Nagamatsu
Desh Raj,Pavel Denisov,Zhuo Chen,Hakan Erdogan,Zili Huang,Maokui He,Shinji Watanabe,Jun Du,Takuya Yoshioka,Yi Luo,Naoyuki Kanda,Jinyu Li,Scott Wisdom,J. Hershey
Wangyou Zhang,Xuankai Chang,Y. Qian,Shinji Watanabe
Pengcheng Guo,Florian Boyer,Xuankai Chang,Tomoki Hayashi,Yosuke Higuchi,H. Inaguma,Naoyuki Kamo,Chenda Li,D. Garcia-Romero,Jiatong Shi,Jing Shi,Shinji Watanabe,Kun Wei,Wangyou Zhang,Yuekai Zhang
H. Inaguma,Shun Kiyono,Kevin Duh,Shigeki Karita,Nelson Yalta,Tomoki Hayashi,Shinji Watanabe
Tomoki Hayashi,Shinji Watanabe
Shinji Watanabe
E. Tsunoo,Yosuke Kashiwagi,Shinji Watanabe
Ashish Arora,Desh Raj,A. Subramanian,Ke Li,Bar Ben-Yair,Matthew Maciejewski,Piotr Żelasko,Leibny Paola García-Perera,Shinji Watanabe,S. Khudanpur
Yuya Fujita,Tianzi Wang,Shinji Watanabe,Motoi Omachi
Yusuke Fujita,Shinji Watanabe,Shota Horiguchi,Yawen Xue,Jing Shi,Kenji Nagamatsu
Wen-Chin Huang,Tomoki Hayashi,Shinji Watanabe,T. Toda
Xuankai Chang,A. Subramanian,Pengcheng Guo,Shinji Watanabe,Yuya Fujita,Motoi Omachi
Koichi Miyazaki,Tatsuya Komatsu,Tomoki Hayashi,Shinji Watanabe,T. Toda,K. Takeda
Yuya Fujita,Shinji Watanabe,Motoi Omachi
A. Subramanian,Chao Weng,Meng Yu,Shi-Xiong Zhang,Yong Xu,Shinji Watanabe,Dong Yu
E. Tsunoo,Yosuke Kashiwagi,Shinji Watanabe
Koichi Miyazaki,Tatsuya Komatsu,Tomoki Hayashi,Shinji Watanabe,T. Toda,K. Takeda
Katsuki Inoue,Sunao Hara,M. Abe,Tomoki Hayashi,Ryuichi Yamamoto,Shinji Watanabe
Jing Shi,Jiaming Xu,Yusuke Fujita,Shinji Watanabe,Bo Xu
Jing Shi,Xuankai Chang,Pengcheng Guo,Shinji Watanabe,Yusuke Fujita,Jiaming Xu,Bo Xu,Lei Xie
Shinji Watanabe,Michael Mandel,J. Barker,E. Vincent
Cong Han,Yi Luo,Chenda Li,Tianyan Zhou,K. Kinoshita,Shinji Watanabe,Marc Delcroix,Hakan Erdogan,J. Hershey,N. Mesgarani,Zhuo Chen
Shota Horiguchi,Yusuke Fujita,Shinji Watanabe,Yawen Xue,Kenji Nagamatsu
Murali Karthick Baskar,Shinji Watanabe,Ramón Fernández Astudillo,L. Burget,J. Černocký
T. Shinozaki,Shinji Watanabe,Kevin Duh
Jaejin Cho,Piotr Żelasko,J. Villalba,Shinji Watanabe,N. Dehak
Tomoki Hayashi,Ryuichi Yamamoto,Katsuki Inoue,Takenori Yoshimura,Shinji Watanabe,T. Toda,K. Takeda,Yu Zhang,Xu Tan
Jonathan Le Roux,G. Wichern,Shinji Watanabe,Andy M. Sarroff,J. Hershey
Yiming Wang,Tongfei Chen,Hainan Xu,Shuoyang Ding,Hang Lv,Yiwen Shao,Nanyun Peng,Lei Xie,Shinji Watanabe,S. Khudanpur
Shigeki Karita,Nanxin Chen,Tomoki Hayashi,Takaaki Hori,H. Inaguma,Ziyan Jiang,Masao Someki,Nelson Yalta,Ryuichi Yamamoto,Xiao-fei Wang,Shinji Watanabe,Takenori Yoshimura,Wangyou Zhang
Naoyuki Kanda,Yusuke Fujita,Shota Horiguchi,Rintaro Ikeshita,Kenji Nagamatsu,Shinji Watanabe
H. Inaguma,Shun Kiyono,Nelson Enrique Yalta Soplin,Jun Suzuki,Kevin Duh,Shinji Watanabe
J. Le Roux,G. Wichern,Shinji Watanabe,Andy M. Sarroff,J. Hershey
Nanxin Chen,Shinji Watanabe,J. Villalba,N. Dehak
Oliver Adams,Matthew Wiesner,Shinji Watanabe,David Yarowsky
Naoyuki Kanda,Shota Horiguchi,R. Takashima,Yusuke Fujita,Kenji Nagamatsu,Shinji Watanabe
Shigeki Karita,Shinji Watanabe,Tomoharu Iwata,Marc Delcroix,A. Ogawa,T. Nakatani
Vimal Manohar,Szu-Jui Chen,Zhiqi Wang,Yusuke Fujita,Shinji Watanabe,S. Khudanpur
Murali Karthick Baskar,Shinji Watanabe,Ramón Fernández Astudillo,Takaaki Hori,L. Burget,J. Černocký
Nanxin Chen,Shinji Watanabe,J. Villalba,N. Dehak
L. Moro-Velázquez,Jaejin Cho,Shinji Watanabe,M. Hasegawa-Johnson,O. Scharenborg,Heejin Kim,N. Dehak
T. Taniguchi,A. Subramanian,Xiaofei Wang,Dung T. Tran,Yuya Fujita,Shinji Watanabe
Murali Karthick Baskar,Shinji Watanabe,Ramón Fernández Astudillo,Takaaki Hori,L. Burget,J. Černocký
Yuya Fujita,A. Subramanian,Motoi Omachi,Shinji Watanabe
Takafumi Moriya,Tomohiro Tanaka,T. Shinozaki,Shinji Watanabe,Kevin Duh
A. Subramanian,Xiaofei Wang,Shinji Watanabe,T. Taniguchi,Dung T. Tran,Yuya Fujita
Shinji Watanabe,S. Araki,M. Bacchiani,Reinhold Häb-Umbach,M. Seltzer
Xuankai Chang,Y. Qian,Kai Yu,Shinji Watanabe
Hainan Xu,Shuoyang Ding,Shinji Watanabe
A. Subramanian,Xiaofei Wang,Shinji Watanabe,T. Taniguchi,Dung T. Tran,Yuya Fujita
Zhong-Qiu Wang,Hakan Erdogan,Scott Wisdom,K. Wilson,Desh Raj,Shinji Watanabe,Zhuo Chen,J. Hershey
D. Garcia-Romero,David Snyder,Shinji Watanabe,Gregory Sell,A. McCree,Daniel Povey,S. Khudanpur
Ruizhi Li,Xiaofei Wang,Sri Harish Reddy Mallidi,Shinji Watanabe,Takaaki Hori,H. Hermansky
H. Inaguma,Kevin Duh,Tatsuya Kawahara,Shinji Watanabe
Marc Delcroix,Shinji Watanabe,Tsubasa Ochiai,K. Kinoshita,Shigeki Karita,A. Ogawa,T. Nakatani
A. Subramanian,Xiaofei Wang,Murali Karthick Baskar,Shinji Watanabe,T. Taniguchi,Dung T. Tran,Yuya Fujita
Xuankai Chang,Wangyou Zhang,Y. Qian,Jonathan Le Roux,Shinji Watanabe
Naoyuki Kanda,Shota Horiguchi,Yusuke Fujita,Yawen Xue,Kenji Nagamatsu,Shinji Watanabe
Ashish Arora,Chun-Chieh Chang,Babak Rekabdar,Daniel Povey,David Etter,Desh Raj,Hossein Hadian,J. Trmal,Leibny Paola García-Perera,Shinji Watanabe,Vimal Manohar,Yiwen Shao,S. Khudanpur
H. Seki,Takaaki Hori,Shinji Watanabe,Niko Moritz,Jonathan Le Roux
E. Tsunoo,Yosuke Kashiwagi,Toshiyuki Kumakura,Shinji Watanabe
E. Tsunoo,Yosuke Kashiwagi,Toshiyuki Kumakura,Shinji Watanabe
Matthew Wiesner,Adithya Renduchintala,Shinji Watanabe,Chunxi Liu,N. Dehak,S. Khudanpur
Xiaofei Wang,Ruizhi Li,Sri Harish Reddy Mallidi,Takaaki Hori,Shinji Watanabe,H. Hermansky
Yusuke Fujita,Naoyuki Kanda,Shota Horiguchi,Yawen Xue,Kenji Nagamatsu,Shinji Watanabe
Yusuke Fujita,Naoyuki Kanda,Shota Horiguchi,Kenji Nagamatsu,Shinji Watanabe
Ruizhi Li,Gregory Sell,Xiaofei Wang,Shinji Watanabe,H. Hermansky
R. Haeb-Umbach,Shinji Watanabe,T. Nakatani,M. Bacchiani,Björn Hoffmeister,M. Seltzer,H. Zen,M. Souden
Matthew Maciejewski,Gregory Sell,Yusuke Fujita,Leibny Paola García-Perera,Shinji Watanabe,S. Khudanpur
R. Haeb-Umbach,Shinji Watanabe,T. Nakatani,M. Bacchiani,Björn Hoffmeister,M. Seltzer,H. Zen,M. Souden
H. Seki,Takaaki Hori,Shinji Watanabe,Jonathan Le Roux,J. Hershey
Tomoki Hayashi,Shinji Watanabe,T. Toda,K. Takeda,Shubham Toshniwal,Karen Livescu
Shigeki Karita,Nelson Yalta,Shinji Watanabe,Marc Delcroix,A. Ogawa,T. Nakatani
H. Inaguma,Kevin Duh,Tatsuya Kawahara,Shinji Watanabe
P. Frederiksen,J. Villalba,Shinji Watanabe,Z. Tan,N. Dehak
Hiroshi Seki,Takaaki Hori,Shinji Watanabe
Shane Settle,Jonathan Le Roux,Takaaki Hori,Shinji Watanabe,J. Hershey
Shinji Watanabe,Takaaki Hori,Shigeki Karita,Tomoki Hayashi,Jiro Nishitoba,Y. Unno,Nelson Yalta,Jahn Heymann,Matthew Wiesner,Nanxin Chen,Adithya Renduchintala,Tsubasa Ochiai
Hiroshi Seki,Takaaki Hori,Shinji Watanabe,Jonathan Le Roux,J. Hershey
Takaaki Hori,Ramón Fernández Astudillo,Tomoki Hayashi,Yu Zhang,Shinji Watanabe,Jonathan Le Roux
Nelson Yalta,Shinji Watanabe,Takaaki Hori,K. Nakadai,T. Ogata
Tomoki Hayashi,Shinji Watanabe,Yu Zhang,T. Toda,Takaaki Hori,Ramón Fernández Astudillo,K. Takeda
Hiroshi Seki,Takaaki Hori,Shinji Watanabe
Jaejin Cho,Murali Karthick Baskar,Ruizhi Li,Matthew Wiesner,Sri Harish Reddy Mallidi,Nelson Yalta,M. Karafiát,Shinji Watanabe,Takaaki Hori
T. Tanikawa,Y. Uchida,N. Takemae,Ryota Tsunekuni,J. Mine,Ming-Tsan Liu,Ji-Rong Yang,M. Shirakura,Shinji Watanabe,T. Odagiri,Takehiko Saito
H. Inaguma,Jaejin Cho,Murali Karthick Baskar,Tatsuya Kawahara,Shinji Watanabe
Tsubasa Ochiai,Shinji Watanabe,S. Katagiri,Takaaki Hori,J. Hershey
Marc Delcroix,Shinji Watanabe,A. Ogawa,Shigeki Karita,T. Nakatani
Miei Takeda,Shinji Watanabe,H. Katano,Kazuma Noguchi,Yuko Sato,Sayaka Kojima,T. Miura,R. Majima,Souichi Yamada,N. Inoue
A. Subramanian,Szu-Jui Chen,Shinji Watanabe
Takaaki Hori,Jaejin Cho,Shinji Watanabe
Jaejin Cho,Shinji Watanabe,Takaaki Hori,Murali Karthick Baskar,H. Inaguma,J. Villalba,N. Dehak
Shigeki Karita,Shinji Watanabe,Tomoharu Iwata,A. Ogawa,Marc Delcroix
Chunxi Liu,Matthew Wiesner,Shinji Watanabe,Craig Harman,J. Trmal,N. Dehak,S. Khudanpur
Adithya Renduchintala,Shuoyang Ding,Matthew Wiesner,Shinji Watanabe
Murali Karthick Baskar,L. Burget,Shinji Watanabe,M. Karafiát,Takaaki Hori,J. Černocký
M. Karafiát,Murali Karthick Baskar,Shinji Watanabe,Takaaki Hori,Matthew Wiesner,J. Černocký
T. Miura,Reina Makino,K. Yamada,Miku Matsuura,Misaki Okumura,Souichi Yamada,Shinji Watanabe,N. Inoue
H. Inaguma,Xuan Zhang,Zhiqi Wang,Adithya Renduchintala,Shinji Watanabe,Kevin Duh
Matthew Maciejewski,Gregory Sell,Leibny Paola García-Perera,Shinji Watanabe,S. Khudanpur
Gregory Sell,David Snyder,A. McCree,D. Garcia-Romero,J. Villalba,Matthew Maciejewski,Vimal Manohar,N. Dehak,Daniel Povey,Shinji Watanabe,S. Khudanpur
Szu-Jui Chen,A. Subramanian,Hainan Xu,Shinji Watanabe
Hiroshi Seki,Shinji Watanabe,Takaaki Hori,Jonathan Le Roux,J. Hershey
Shinji Watanabe,T. Virtanen,D. Kolossa
Nelson Yalta,Shinji Watanabe,K. Nakadai,T. Ogata
Sandeep Reddy Kothinti,Keisuke Imoto,D. Chakrabarty,Gregory Sell,Shinji Watanabe,Mounya Elhilali
Ruizhi Li,Xiaofei Wang,Sri Harish Reddy Mallidi,Takaaki Hori,Shinji Watanabe,H. Hermansky
Tomoki Hayashi,Shinji Watanabe,T. Toda,K. Takeda
J. Hershey,Jonathan Le Roux,Shinji Watanabe,Scott Wisdom,Zhuo Chen,Y. Isik
Takaaki Hori,Zhuo Chen,Hakan Erdogan,J. Hershey,Jonathan Le Roux,V. Mitra,Shinji Watanabe
J. Barker,R. Marxer,E. Vincent,Shinji Watanabe
J. Barker,R. Marxer,E. Vincent,Shinji Watanabe
M. Karafiát,Karel Veselý,Kateřina Žmolíková,Marc Delcroix,Shinji Watanabe,L. Burget,J. Černocký,Igor Szöke
Shinji Watanabe,Marc Delcroix,Florian Metze,J. Hershey
Hiroki Kanagawa,Yuuki Tachioka,Shinji Watanabe,Jun Ishii
E. Vincent,Shinji Watanabe,Aditya Arie Nugraha,J. Barker,R. Marxer
Xiong Xiao,Shinji Watanabe,Hakan Erdogan,Michael I. Mandel,Liang Lu,J. Hershey,M. Seltzer,Guoguo Chen,Yu Zhang,Dong Yu
Shinji Watanabe,Takaaki Hori,J. Hershey
Takaaki Hori,Shinji Watanabe,J. Hershey
Hayato Shibata,Taku Kato,T. Shinozaki,Shinji Watanabe
Shinji Watanabe,Takaaki Hori,Y. Miao,Marc Delcroix,Florian Metze,J. Hershey
Zhong Meng,Shinji Watanabe,J. Hershey,Hakan Erdogan
Shinji Watanabe,Takaaki Hori,Jonathan Le Roux,J. Hershey
Tomoki Hayashi,Shinji Watanabe,T. Toda,Takaaki Hori,Jonathan Le Roux,K. Takeda
Tsubasa Ochiai,Shinji Watanabe,Takaaki Hori,J. Hershey,Xiong Xiao
T. Shinozaki,Shinji Watanabe,D. Mochihashi,Graham Neubig
Shinji Watanabe,Takaaki Hori,Suyoun Kim,J. Hershey,Tomoki Hayashi
Hakan Erdogan,J. Hershey,Shinji Watanabe,Jonathan Le Roux
Yuuki Tachioka,Shinji Watanabe,Jonathan Le Roux,J. Hershey
J. Barker,R. Marxer,E. Vincent,Shinji Watanabe
Takaaki Hori,Shinji Watanabe,Yu Zhang,William Chan
Tsubasa Ochiai,Shinji Watanabe,Takaaki Hori,J. Hershey
Tomoki Hayashi,Shinji Watanabe,T. Toda,Takaaki Hori,Jonathan Le Roux,K. Takeda
Takaaki Hori,Shinji Watanabe,J. Hershey
Yuuki Tachioka,Tomohiro Narita,Iori Miura,Takanobu Uramoto,Natsuki Monta,Shingo Uenohara,K. Furuya,Shinji Watanabe,Jonathan Le Roux
Tsubasa Ochiai,Shinji Watanabe,S. Katagiri
J. Barker,R. Marxer,E. Vincent,Shinji Watanabe
T. Koike-Akino,Ruhi Mahajan,Tim K. Marks,Ye Wang,Shinji Watanabe,Oncel Tuzel,P. Orlik
Scott Wisdom,J. Hershey,Jonathan Le Roux,Shinji Watanabe
Xiong Xiao,Chenglin Xu,Zhaofeng Zhang,Shengkui Zhao,Sining Sun,Shinji Watanabe,Longbiao Wang,Lei Xie,Douglas L. Jones,E. Chng,Haizhou Li
L. Burget,S. Khudanpur,N. Dehak,J. Trmal,R. Haeb-Umbach,Graham Neubig,Shinji Watanabe,D. Mochihashi,T. Shinozaki,Ming Sun,Chunxi Liu,Matthew Wiesner,R. Pappagari,Lucas Ondel,M. Hannemann,Santosh Kesiraju,Thomas Glarner,Leda Sari,Jinyi Yang,Ondřej Cífka,Yibo Yang,Alena Rott
Karel Veselý,Shinji Watanabe,Kateřina Žmolíková,M. Karafiát,L. Burget,J. Černocký
Xiong Xiao,Shinji Watanabe,Chng Eng Siong,Haizhou Li
Hakan Erdogan,J. Hershey,Shinji Watanabe,Michael I. Mandel,Jonathan Le Roux
Karel Veselý,Shinji Watanabe,Kateřina Žmolíková,M. Karafiát,L. Burget
Tomohiro Tanaka,T. Shinozaki,Shinji Watanabe,Takaaki Hori
Suyoun Kim,Takaaki Hori,Shinji Watanabe
Y. Isik,Jonathan Le Roux,Zhuo Chen,Shinji Watanabe,J. Hershey
Yuuki Tachioka,Shinji Watanabe,Jonathan Le Roux,J. Hershey
Takaaki Hori,Chiori Hori,Shinji Watanabe,J. Hershey
Kateřina Žmolíková,M. Karafiát,Karel Veselý,Marc Delcroix,Shinji Watanabe,L. Burget,J. Černocký
Xiong Xiao,Shinji Watanabe,Hakan Erdogan,Liang Lu,J. Hershey,M. Seltzer,Guoguo Chen,Yu Zhang,Michael I. Mandel,Dong Yu
Tomohiro Tanaka,Takafumi Moriya,T. Shinozaki,Shinji Watanabe,Takaaki Hori,Kevin Duh
Chiori Hori,Takaaki Hori,Shinji Watanabe,J. Hershey
Naohiro Tawara,Tetsuji Ogawa,Shinji Watanabe,Tetsunori Kobayashi
Tomoki Hayashi,Shinji Watanabe,T. Toda,Takaaki Hori,Jonathan Le Roux,K. Takeda
T. Koike-Akino,Ruhi Mahajan,Tim K. Marks,Ye Wang,Shinji Watanabe,Oncel Tuzel,P. Orlik
Tomoki Hayashi,Shinji Watanabe,T. Toda,Takaaki Tori,Jonathan Le Roux,K. Takeda
Hakan Erdogan,Tomoki Hayashi,J. Hershey,T. Hori,Chiori Hori,Wei-Ning Hsu,Suyoun Kim,Jonathan Le Roux,Zhong Meng,Shinji Watanabe
Chiori Hori,Shinji Watanabe,Takaaki Hori,B. Harsham,J. Hershey,Yusuke Koji,Youichi Fujii,Yuki Furumoto
Takaaki Hori,Hai Wang,Chiori Hori,Shinji Watanabe,B. Harsham,Jonathan Le Roux,J. Hershey,Yusuke Koji,Yi Jing,Zhaocheng Zhu,T. Aikawa
Tomohiro Tanaka,Takafumi Moriya,T. Shinozaki,Shinji Watanabe,Takaaki Hori,Kevin Duh
Shinji Watanabe,Jen-Tzung Chien
Zhuo Chen,Shinji Watanabe,Hakan Erdogan,J. Hershey
Chiori Hori,Takaaki Hori,Shinji Watanabe
Yuuki Tachioka,Tomohiro Narita,Shinji Watanabe
Hakan Erdogan,J. Hershey,Shinji Watanabe,Jonathan Le Roux
J. Hershey,Zhuo Chen,Jonathan Le Roux,Shinji Watanabe
Roger Hsiao,Jeff Z. Ma,William Hartmann,M. Karafiát,F. Grézl,L. Burget,Igor Szöke,J. Černocký,Shinji Watanabe,Zhuo Chen,Sri Harish Reddy Mallidi,H. Hermansky,S. Tsakalidis,R. Schwartz
A. H. Abdelaziz,Shinji Watanabe,J. Hershey,E. Vincent,D. Kolossa
T. Shinozaki,Shinji Watanabe
Yi Luan,Shinji Watanabe,B. Harsham
J. Hershey,Shinji Watanabe,Jonathan Le Roux,Hakan Erdogan
F. Weninger,Hakan Erdogan,Shinji Watanabe,E. Vincent,Jonathan Le Roux,J. Hershey,Björn Schuller
B. Harsham,Shinji Watanabe,Alan Esenther,J. Hershey,Jonathan Le Roux,Yi Luan,D. Nikovski,V. Potluru
Hiroki Kanagawa,Yuuki Tachioka,Shinji Watanabe,Jun Ishii
Yuuki Tachioka,Tomohiro Narita,Shinji Watanabe
Shinji Watanabe,Jen-Tzung Chien
Takafumi Moriya,Tomohiro Tanaka,T. Shinozaki,Shinji Watanabe,Kevin Duh
Shinji Watanabe,Jen-Tzung Chien
Shinji Watanabe,Jen-Tzung Chien
Shinji Watanabe,Jen-Tzung Chien
Takaaki Hori,Zhuo Chen,Hakan Erdogan,J. Hershey,Jonathan Le Roux,V. Mitra,Shinji Watanabe
Yuuki Tachioka,Shinji Watanabe
Naohiro Tawara,Tetsuji Ogawa,Shinji Watanabe,A. Nakamura,Tetsunori Kobayashi
J. Barker,Shinji Watanabe,E. Vincent,J. Trmal
Ramón Fernández Astudillo,Shinji Watanabe,A. H. Abdelaziz,D. Kolossa
Yuuki Tachioka,Shinji Watanabe
Shinji Watanabe
Hao Tang,Shinji Watanabe,Tim K. Marks,J. Hershey
F. Weninger,Shinji Watanabe,Yuuki Tachioka,Björn Schuller
Yuuki Tachioka,Tomohiro Narita,F. Weninger,Shinji Watanabe
F. Weninger,Shinji Watanabe,Jonathan Le Roux,J. Hershey,Yuuki Tachioka,Jürgen T. Geiger,Björn Schuller,G. Rigoll
Shinji Watanabe,Atsushi Nakamura,B. Juang,Tatsuya Matsuda,Hiroya Hashimoto,O. Urhan,Xiaoyan Wang,S. Hugueny
T. Faure,A. Zweber,L. Bozano,M. Sanchez,R. Sooriyakumaran,L. Sundberg,Y. Sakamoto,S. Nash,M. Kagawa,T. Isogawa,T. Senna,M. Tanabe,T. Komizo,I. Yoshida,K. Masunaga,Shinji Watanabe,Y. Kawai,J. Malenfant,R. Bowley
Yuuki Tachioka,Shinji Watanabe,Jonathan Le Roux,J. Hershey
F. Weninger,Jonathan Le Roux,J. Hershey,Shinji Watanabe
Yuuki Tachioka,Shinji Watanabe,Jonathan Le Roux,J. Hershey
Shinji Watanabe,A. Nakamura,B. Juang
Chao Weng,Dong Yu,Shinji Watanabe,B. Juang
Shinji Watanabe,J. Hershey,Tim K. Marks,Youichi Fujii,Yusuke Koji
Yuuki Tachioka,Tomohiro Narita,Shinji Watanabe,Jonathan Le Roux
Shinji Watanabe,Jonathan Le Roux
E. Vincent,J. Barker,Shinji Watanabe,Jonathan Le Roux,F. Nesta,M. Matassoni
Marc Delcroix,Shinji Watanabe,T. Nakatani,A. Nakamura
A. Burkov,M. Takeda,A. Teruya,Shinji Watanabe,S. Hirakawa,Y. Hiranaka,A. Nakamura,M. Hedo,T. Nakama,K. Yagasaki,Y. Takaesu,K. Uchima,Y. Uwatoko
Marc Delcroix,K. Kinoshita,T. Nakatani,S. Araki,A. Ogawa,Takaaki Hori,Shinji Watanabe,M. Fujimoto,Takuya Yoshioka,T. Oba,Yotaro Kubo,M. Souden,Seongjun Hahm,A. Nakamura
Yuuki Tachioka,Shinji Watanabe,Jonathan Le Roux,J. Hershey
K. Mori,Yoshihiro Ono,Shinji Watanabe,Toshikazu Ishikawa,Michiaki Sugiyama,S. Imasu,T. Ochiai,Ryo Mori,Tsuyoshi Kida,Tomoaki Hashimoto,Hideki Tanaka,M. Kimura
Shinji Watanabe
Masayuki Suzuki,Takuya Yoshioka,Shinji Watanabe,N. Minematsu,K. Hirose
Yukiko Matsuoka,Hiromi Matsumae,Manami Katoh,A. Eisfeld,G. Neumann,T. Hase,Samik Ghosh,J. Shoemaker,Tiago J. S. Lopes,Tokiko Watanabe,Shinji Watanabe,S. Fukuyama,H. Kitano,Y. Kawaoka
Jonathan Le Roux,Shinji Watanabe,J. Hershey
Yuki Tachioka,Shinji Watanabe
Shinji Watanabe,A. Nakamura,B. Juang
Yuuki Tachioka,Shinji Watanabe,Jonathan Le Roux,J. Hershey
Yuuki Tachioka,Shinji Watanabe
E. Vincent,J. Barker,Shinji Watanabe,Jonathan Le Roux,F. Nesta,M. Matassoni
Tomoharu Iwata,Shinji Watanabe
Shinji Watanabe,J. Hershey
Seongjun Hahm,Shinji Watanabe,A. Ogawa,M. Fujimoto,Takaaki Hori,A. Nakamura
Yuuki Tachioka,Shinji Watanabe,J. Hershey
E. Vincent,J. Barker,Shinji Watanabe,Jonathan Le Roux,F. Nesta,M. Matassoni
Koichiro Yoshino,Shinji Watanabe,Jonathan Le Roux,J. Hershey
Yotaro Kubo,Shinji Watanabe,Takaaki Hori,A. Nakamura
Seongjun Hahm,Shinji Watanabe,M. Fujimoto,A. Ogawa,Takaaki Hori,A. Nakamura
Shinji Watanabe,A. Nakamura
D. Saito,Shinji Watanabe,A. Nakamura,N. Minematsu
Shinji Watanabe,Yotaro Kubo,T. Oba,Takaaki Hori,A. Nakamura
M. Fujimoto,Shinji Watanabe,T. Nakatani
Roland Roller,Shinji Watanabe,Tomoharu Iwata
Naohiro Tawara,Tetsuji Ogawa,Shinji Watanabe,Tetsunori Kobayashi
J. Shoemaker,S. Fukuyama,A. Eisfeld,Y. Muramoto,Shinji Watanabe,Tokiko Watanabe,Yukiko Matsuoka,H. Kitano,Y. Kawaoka
M. Fujimoto,Shinji Watanabe,T. Nakatani
Yotaro Kubo,Shinji Watanabe,A. Nakamura
Marc Delcroix,A. Ogawa,Shinji Watanabe,T. Nakatani,A. Nakamura
Yotaro Kubo,Shinji Watanabe,A. Nakamura,Simon Wiesler,R. Schlüter,H. Ney
Takaaki Hori,S. Araki,Takuya Yoshioka,M. Fujimoto,Shinji Watanabe,T. Oba,A. Ogawa,K. Otsuka,Dan Mikami,K. Kinoshita,T. Nakatani,A. Nakamura,Junji Yamato
Naohiro Tawara,Tetsuji Ogawa,Shinji Watanabe,A. Nakamura,Tetsunori Kobayashi
E. Chuangsuwanich,Shinji Watanabe,Takaaki Hori,Tomoharu Iwata,James R. Glass
Masayuki Suzuki,Takuya Yoshioka,Shinji Watanabe,N. Minematsu,K. Hirose
M. Gales,Shinji Watanabe,E. Fosler-Lussier
Tomoharu Iwata,Shinji Watanabe
T. Maekawa,Shinji Watanabe
B. Juang,Shinji Watanabe
T. Maekawa,Shinji Watanabe
K. Hiramatsu,H. Sakano,I. Motoyoshi,Hideki Sakurada,Tessei Kobayashi,Shinji Watanabe
Shinji Watanabe,Tomoharu Iwata,Takaaki Hori,A. Sako,Y. Ariki
D. Saito,Shinji Watanabe,A. Nakamura,N. Minematsu
Shinji Watanabe,D. Mochihashi,Takaaki Hori,A. Nakamura
Marc Delcroix,K. Kinoshita,T. Nakatani,S. Araki,A. Ogawa,Takaaki Hori,Shinji Watanabe,M. Fujimoto,Takuya Yoshioka,T. Oba,Yotaro Kubo,M. Souden,Seongjun Hahm,A. Nakamura
Shinji Watanabe,A. Nakamura,B. Juang
Yotaro Kubo,Simon Wiesler,R. Schlüter,H. Ney,Shinji Watanabe,A. Nakamura,Tetsunori Kobayashi
Marc Delcroix,Shinji Watanabe,T. Nakatani
Shinji Watanabe
Tomoharu Iwata,Shinji Watanabe,H. Sawada
Naohiro Tawara,Shinji Watanabe,Tetsuji Ogawa,Tetsunori Kobayashi
M. Fujimoto,Shinji Watanabe,T. Nakatani
M. Fujimoto,Shinji Watanabe,T. Nakatani
Marc Delcroix,Shinji Watanabe,T. Nakatani,A. Nakamura
Shinji Watanabe,A. Nakamura,B. Juang
T. Maekawa,Shinji Watanabe
S. Araki,Takaaki Hori,Takuya Yoshioka,M. Fujimoto,Shinji Watanabe,T. Oba,A. Ogawa,K. Otsuka,Dan Mikami,Marc Delcroix,K. Kinoshita,T. Nakatani,A. Nakamura,Junji Yamato
Shinji Watanabe,D. Mochihashi,Takaaki Hori,A. Nakamura
M. Nishimori,H. Hasegawa,S. Sasaki,Shinji Watanabe,Y. Hirayama
M. Nemoto,K. Ikago,Shinji Watanabe,N. Inoue,M. Ikenaga
Tomoharu Iwata,Shinji Watanabe
K. Nishiki,Y. Izumi,Shinji Watanabe,T. Nishimoto,Nobutaka Ono,S. Sagayama
D. Saito,Shinji Watanabe,A. Nakamura,N. Minematsu
D. Cournapeau,Shinji Watanabe,A. Nakamura,Tatsuya Kawahara
D. Cournapeau,Shinji Watanabe,A. Nakamura,Tatsuya Kawahara
Shinji Watanabe,Takaaki Hori,E. McDermott,A. Nakamura
S. Araki,Takaaki Hori,M. Fujimoto,Shinji Watanabe,Takuya Yoshioka,T. Nakatani,A. Nakamura
M. Nishimori,S. Sasaki,Shinji Watanabe,Y. Hirayama
M. Fujimoto,Shinji Watanabe,T. Nakatani
Takaaki Hori,Shinji Watanabe,A. Nakamura
Shinji Watanabe,Takaaki Hori,A. Nakamura
Yotaro Kubo,Shinji Watanabe,A. Nakamura,Tetsunori Kobayashi
Yotaro Kubo,Shinji Watanabe,A. Nakamura,E. McDermott,Tetsunori Kobayashi
Shinji Watanabe,Tomoharu Iwata,Takaaki Hori,A. Sako,Y. Ariki
K. Aoyama,Shinji Watanabe,H. Sawada,Yasuhiro Minami,N. Ueda,Kazumi Saito
Hideyuki Watanabe,S. Katagiri,K. Yamada,E. McDermott,A. Nakamura,Shinji Watanabe,M. Ohsaki
Shinji Watanabe,A. Nakamura
E. McDermott,Shinji Watanabe,A. Nakamura
Takaaki Hori,S. Araki,Takuya Yoshioka,M. Fujimoto,Shinji Watanabe,T. Oba,A. Ogawa,K. Otsuka,Dan Mikami,K. Kinoshita,T. Nakatani,A. Nakamura,Junji Yamato
M. Nemoto,K. Ikago,Shinji Watanabe,N. Inoue,M. Ikenaga
Marc Delcroix,T. Nakatani,Shinji Watanabe
E. McDermott,Shinji Watanabe,A. Nakamura
S. Katagiri,E. McDermott,A. Nakamura,Shinji Watanabe,M. Ohsaki
Shinji Watanabe
Yotaro Kubo,Shinji Watanabe,A. Nakamura,E. McDermott,Tetsunori Kobayashi
Tomoharu Iwata,Shinji Watanabe,Takeshi Yamada,N. Ueda
Yosuke Izumi,K. Nishiki,Shinji Watanabe,T. Nishimoto,Nobutaka Ono,S. Sagayama
M. Fujimoto,Shinji Watanabe,T. Nakatani
Shinji Watanabe,A. Nakamura
A. Nakamura,E. McDermott,Shinji Watanabe,S. Katagiri
Shinji Watanabe,A. Nakamura
Marc Delcroix,T. Nakatani,Shinji Watanabe
